waveform_path,p_time,record_id,event_id,station
waveforms/CI_CCA.20190704T173513.0.sac,2019-07-04T17:35:13.078,0,0,CI.CCA
waveforms/CI_CCC.20190704T173506.1.sac,2019-07-04T17:35:06.138,1,0,CI.CCC
waveforms/CI_CLC.20190704T173505.2.sac,2019-07-04T17:35:05.208,2,0,CI.CLC
waveforms/CI_DTP.20190704T173509.3.sac,2019-07-04T17:35:09.928,3,0,CI.DTP
waveforms/CI_JRC2.20190704T173509.4.sac,2019-07-04T17:35:09.288,4,0,CI.JRC2
waveforms/CI_LMR2.20190704T173515.5.sac,2019-07-04T17:35:15.088,5,0,CI.LMR2
waveforms/CI_MPM.20190704T173509.6.sac,2019-07-04T17:35:09.888,6,0,CI.MPM
waveforms/CI_SLA.20190704T173508.7.sac,2019-07-04T17:35:08.198,7,0,CI.SLA
waveforms/CI_SRT.20190704T173505.8.sac,2019-07-04T17:35:05.478,8,0,CI.SRT
waveforms/CI_TEH.20190704T173516.9.sac,2019-07-04T17:35:16.298,9,0,CI.TEH
waveforms/CI_TOW2.20190704T173506.10.sac,2019-07-04T17:35:06.758,10,0,CI.TOW2
waveforms/CI_WAS2.20190704T173516.11.sac,2019-07-04T17:35:16.808,11,0,CI.WAS2
waveforms/CI_WBM.20190704T173507.12.sac,2019-07-04T17:35:07.483,12,0,CI.WBM
waveforms/CI_WBS.20190704T173510.13.sac,2019-07-04T17:35:10.878,13,0,CI.WBS
waveforms/CI_WCS2.20190704T173509.14.sac,2019-07-04T17:35:09.478,14,0,CI.WCS2
waveforms/CI_WHF.20190704T173513.15.sac,2019-07-04T17:35:13.478,15,0,CI.WHF
waveforms/CI_WMF.20190704T173511.16.sac,2019-07-04T17:35:11.568,16,0,CI.WMF
waveforms/CI_WOR.20190704T173511.17.sac,2019-07-04T17:35:11.888,17,0,CI.WOR
waveforms/CI_WRC2.20190704T173507.18.sac,2019-07-04T17:35:07.758,18,0,CI.WRC2
waveforms/NN_QSM.20190704T173514.19.sac,2019-07-04T17:35:14.238,19,0,NN.QSM
waveforms/CI_CCA.20190704T174341.209.sac,2019-07-04T17:43:41.548,209,12,CI.CCA
waveforms/CI_CCC.20190704T174333.210.sac,2019-07-04T17:43:33.998,210,12,CI.CCC
waveforms/CI_CLC.20190704T174333.211.sac,2019-07-04T17:43:33.148,211,12,CI.CLC
waveforms/CI_DTP.20190704T174338.212.sac,2019-07-04T17:43:38.168,212,12,CI.DTP
waveforms/CI_EDW2.20190704T174345.213.sac,2019-07-04T17:43:45.248,213,12,CI.EDW2
waveforms/CI_GSC.20190704T174340.214.sac,2019-07-04T17:43:40.878,214,12,CI.GSC
waveforms/CI_HAR.20190704T174342.215.sac,2019-07-04T17:43:42.008,215,12,CI.HAR
waveforms/CI_JRC2.20190704T174337.216.sac,2019-07-04T17:43:37.158,216,12,CI.JRC2
waveforms/CI_MPM.20190704T174337.217.sac,2019-07-04T17:43:37.228,217,12,CI.MPM
waveforms/CI_SRT.20190704T174333.218.sac,2019-07-04T17:43:33.658,218,12,CI.SRT
waveforms/CI_TEH.20190704T174344.219.sac,2019-07-04T17:43:44.188,219,12,CI.TEH
waveforms/CI_TOW2.20190704T174334.220.sac,2019-07-04T17:43:34.848,220,12,CI.TOW2
waveforms/CI_WAS2.20190704T174344.221.sac,2019-07-04T17:43:44.928,221,12,CI.WAS2
waveforms/CI_WBM.20190704T174335.222.sac,2019-07-04T17:43:35.663,222,12,CI.WBM
waveforms/CI_WBS.20190704T174339.223.sac,2019-07-04T17:43:39.018,223,12,CI.WBS
waveforms/CI_WCS2.20190704T174337.224.sac,2019-07-04T17:43:37.448,224,12,CI.WCS2
waveforms/CI_WHF.20190704T174341.225.sac,2019-07-04T17:43:41.798,225,12,CI.WHF
waveforms/CI_WMF.20190704T174339.226.sac,2019-07-04T17:43:39.658,226,12,CI.WMF
waveforms/CI_WOR.20190704T174340.227.sac,2019-07-04T17:43:40.198,227,12,CI.WOR
waveforms/CI_WRC2.20190704T174335.228.sac,2019-07-04T17:43:35.608,228,12,CI.WRC2
waveforms/NN_QSM.20190704T174341.229.sac,2019-07-04T17:43:41.168,229,12,NN.QSM
waveforms/CI_CCA.20190704T175743.466.sac,2019-07-04T17:57:43.818,466,28,CI.CCA
waveforms/CI_CCC.20190704T175735.467.sac,2019-07-04T17:57:35.728,467,28,CI.CCC
waveforms/CI_CLC.20190704T175734.468.sac,2019-07-04T17:57:34.868,468,28,CI.CLC
waveforms/CI_CWC.20190704T175748.469.sac,2019-07-04T17:57:48.848,469,28,CI.CWC
waveforms/CI_DAW.20190704T175743.470.sac,2019-07-04T17:57:43.033,470,28,CI.DAW
waveforms/CI_DTP.20190704T175740.471.sac,2019-07-04T17:57:40.398,471,28,CI.DTP
waveforms/CI_EDW2.20190704T175747.472.sac,2019-07-04T17:57:47.558,472,28,CI.EDW2
waveforms/CI_GSC.20190704T175744.473.sac,2019-07-04T17:57:44.628,473,28,CI.GSC
waveforms/CI_HAR.20190704T175744.474.sac,2019-07-04T17:57:44.288,474,28,CI.HAR
waveforms/CI_JRC2.20190704T175739.475.sac,2019-07-04T17:57:39.288,475,28,CI.JRC2
waveforms/CI_LDR.20190704T175749.476.sac,2019-07-04T17:57:49.448,476,28,CI.LDR
waveforms/CI_LMR2.20190704T175745.477.sac,2019-07-04T17:57:45.318,477,28,CI.LMR2
waveforms/CI_MPM.20190704T175739.478.sac,2019-07-04T17:57:39.148,478,28,CI.MPM
waveforms/CI_SLA.20190704T175737.479.sac,2019-07-04T17:57:37.478,479,28,CI.SLA
waveforms/CI_SRT.20190704T175735.480.sac,2019-07-04T17:57:35.718,480,28,CI.SRT
waveforms/CI_TEH.20190704T175746.481.sac,2019-07-04T17:57:46.738,481,28,CI.TEH
waveforms/CI_TOW2.20190704T175736.482.sac,2019-07-04T17:57:36.808,482,28,CI.TOW2
waveforms/CI_WAS2.20190704T175747.483.sac,2019-07-04T17:57:47.498,483,28,CI.WAS2
waveforms/CI_WBM.20190704T175738.484.sac,2019-07-04T17:57:38.043,484,28,CI.WBM
waveforms/CI_WBS.20190704T175741.485.sac,2019-07-04T17:57:41.488,485,28,CI.WBS
waveforms/CI_WCS2.20190704T175739.486.sac,2019-07-04T17:57:39.738,486,28,CI.WCS2
waveforms/CI_WHF.20190704T175744.487.sac,2019-07-04T17:57:44.248,487,28,CI.WHF
waveforms/CI_WMF.20190704T175741.488.sac,2019-07-04T17:57:41.758,488,28,CI.WMF
waveforms/CI_WOR.20190704T175742.489.sac,2019-07-04T17:57:42.728,489,28,CI.WOR
waveforms/CI_WRC2.20190704T175737.490.sac,2019-07-04T17:57:37.608,490,28,CI.WRC2
waveforms/NN_GWY.20190704T175747.491.sac,2019-07-04T17:57:47.888,491,28,NN.GWY
waveforms/NN_QSM.20190704T175743.492.sac,2019-07-04T17:57:43.198,492,28,NN.QSM
waveforms/CI_CCA.20190704T181646.741.sac,2019-07-04T18:16:46.628,741,41,CI.CCA
waveforms/CI_CCC.20190704T181638.742.sac,2019-07-04T18:16:38.928,742,41,CI.CCC
waveforms/CI_CLC.20190704T181636.743.sac,2019-07-04T18:16:36.068,743,41,CI.CLC
waveforms/CI_DAW.20190704T181643.744.sac,2019-07-04T18:16:43.803,744,41,CI.DAW
waveforms/CI_DTP.20190704T181643.745.sac,2019-07-04T18:16:43.318,745,41,CI.DTP
waveforms/CI_GSC.20190704T181647.746.sac,2019-07-04T18:16:47.358,746,41,CI.GSC
waveforms/CI_HAR.20190704T181647.747.sac,2019-07-04T18:16:47.278,747,41,CI.HAR
waveforms/CI_JRC2.20190704T181640.748.sac,2019-07-04T18:16:40.428,748,41,CI.JRC2
waveforms/CI_LMR2.20190704T181648.749.sac,2019-07-04T18:16:48.328,749,41,CI.LMR2
waveforms/CI_MPM.20190704T181640.750.sac,2019-07-04T18:16:40.128,750,41,CI.MPM
waveforms/CI_SLA.20190704T181638.751.sac,2019-07-04T18:16:38.998,751,41,CI.SLA
waveforms/CI_SRT.20190704T181637.752.sac,2019-07-04T18:16:37.708,752,41,CI.SRT
waveforms/CI_TEH.20190704T181648.753.sac,2019-07-04T18:16:48.998,753,41,CI.TEH
waveforms/CI_TOW2.20190704T181638.754.sac,2019-07-04T18:16:38.248,754,41,CI.TOW2
waveforms/CI_WAS2.20190704T181649.755.sac,2019-07-04T18:16:49.238,755,41,CI.WAS2
waveforms/CI_WBM.20190704T181640.756.sac,2019-07-04T18:16:40.173,756,41,CI.WBM
waveforms/CI_WBS.20190704T181643.757.sac,2019-07-04T18:16:43.628,757,41,CI.WBS
waveforms/CI_WCS2.20190704T181640.758.sac,2019-07-04T18:16:40.488,758,41,CI.WCS2
waveforms/CI_WHF.20190704T181646.759.sac,2019-07-04T18:16:46.058,759,41,CI.WHF
waveforms/CI_WMF.20190704T181642.760.sac,2019-07-04T18:16:42.668,760,41,CI.WMF
waveforms/CI_WOR.20190704T181644.761.sac,2019-07-04T18:16:44.408,761,41,CI.WOR
waveforms/CI_WRC2.20190704T181638.762.sac,2019-07-04T18:16:38.558,762,41,CI.WRC2
waveforms/NN_GWY.20190704T181649.763.sac,2019-07-04T18:16:49.378,763,41,NN.GWY
waveforms/NN_QSM.20190704T181644.764.sac,2019-07-04T18:16:44.808,764,41,NN.QSM
waveforms/CI_CCA.20190704T185225.1030.sac,2019-07-04T18:52:25.838,1030,55,CI.CCA
waveforms/CI_CCC.20190704T185218.1031.sac,2019-07-04T18:52:18.028,1031,55,CI.CCC
waveforms/CI_CLC.20190704T185217.1032.sac,2019-07-04T18:52:17.068,1032,55,CI.CLC
waveforms/CI_DAW.20190704T185225.1033.sac,2019-07-04T18:52:25.143,1033,55,CI.DAW
waveforms/CI_DTP.20190704T185222.1034.sac,2019-07-04T18:52:22.448,1034,55,CI.DTP
waveforms/CI_EDW2.20190704T185229.1035.sac,2019-07-04T18:52:29.368,1035,55,CI.EDW2
waveforms/CI_GSC.20190704T185227.1036.sac,2019-07-04T18:52:27.008,1036,55,CI.GSC
waveforms/CI_HAR.20190704T185226.1037.sac,2019-07-04T18:52:26.538,1037,55,CI.HAR
waveforms/CI_HYS.20190704T185227.1038.sac,2019-07-04T18:52:27.898,1038,55,CI.HYS
waveforms/CI_JRC2.20190704T185221.1039.sac,2019-07-04T18:52:21.438,1039,55,CI.JRC2
waveforms/CI_LMR2.20190704T185227.1040.sac,2019-07-04T18:52:27.398,1040,55,CI.LMR2
waveforms/CI_MPM.20190704T185221.1041.sac,2019-07-04T18:52:21.458,1041,55,CI.MPM
waveforms/CI_SLA.20190704T185219.1042.sac,2019-07-04T18:52:19.918,1042,55,CI.SLA
waveforms/CI_SRT.20190704T185217.1043.sac,2019-07-04T18:52:17.718,1043,55,CI.SRT
waveforms/CI_TEH.20190704T185228.1044.sac,2019-07-04T18:52:28.588,1044,55,CI.TEH
waveforms/CI_TOW2.20190704T185218.1045.sac,2019-07-04T18:52:18.958,1045,55,CI.TOW2
waveforms/CI_WAS2.20190704T185229.1046.sac,2019-07-04T18:52:29.428,1046,55,CI.WAS2
waveforms/CI_WBM.20190704T185219.1047.sac,2019-07-04T18:52:19.883,1047,55,CI.WBM
waveforms/CI_WBS.20190704T185223.1048.sac,2019-07-04T18:52:23.368,1048,55,CI.WBS
waveforms/CI_WCS2.20190704T185221.1049.sac,2019-07-04T18:52:21.718,1049,55,CI.WCS2
waveforms/CI_WHF.20190704T185226.1050.sac,2019-07-04T18:52:26.198,1050,55,CI.WHF
waveforms/CI_WMF.20190704T185223.1051.sac,2019-07-04T18:52:23.888,1051,55,CI.WMF
waveforms/CI_WOR.20190704T185224.1052.sac,2019-07-04T18:52:24.518,1052,55,CI.WOR
waveforms/CI_WRC2.20190704T185219.1053.sac,2019-07-04T18:52:19.768,1053,55,CI.WRC2
waveforms/NN_GWY.20190704T185230.1054.sac,2019-07-04T18:52:30.208,1054,55,NN.GWY
waveforms/NN_QSM.20190704T185225.1055.sac,2019-07-04T18:52:25.628,1055,55,NN.QSM
waveforms/CI_CCA.20190704T192144.1310.sac,2019-07-04T19:21:44.838,1310,69,CI.CCA
waveforms/CI_CCC.20190704T192136.1311.sac,2019-07-04T19:21:36.128,1311,69,CI.CCC
waveforms/CI_CLC.20190704T192135.1312.sac,2019-07-04T19:21:35.678,1312,69,CI.CLC
waveforms/CI_CWC.20190704T192149.1313.sac,2019-07-04T19:21:49.258,1313,69,CI.CWC
waveforms/CI_DAW.20190704T192143.1314.sac,2019-07-04T19:21:43.323,1314,69,CI.DAW
waveforms/CI_DTP.20190704T192141.1315.sac,2019-07-04T19:21:41.448,1315,69,CI.DTP
waveforms/CI_EDW2.20190704T192148.1316.sac,2019-07-04T19:21:48.468,1316,69,CI.EDW2
waveforms/CI_FUR.20190704T192149.1317.sac,2019-07-04T19:21:49.938,1317,69,CI.FUR
waveforms/CI_GSC.20190704T192144.1318.sac,2019-07-04T19:21:44.528,1318,69,CI.GSC
waveforms/CI_HAR.20190704T192144.1319.sac,2019-07-04T19:21:44.558,1319,69,CI.HAR
waveforms/CI_HYS.20190704T192147.1320.sac,2019-07-04T19:21:47.118,1320,69,CI.HYS
waveforms/CI_JRC2.20190704T192140.1321.sac,2019-07-04T19:21:40.008,1321,69,CI.JRC2
waveforms/CI_LDR.20190704T192150.1322.sac,2019-07-04T19:21:50.158,1322,69,CI.LDR
waveforms/CI_LMR2.20190704T192146.1323.sac,2019-07-04T19:21:46.118,1323,69,CI.LMR2
waveforms/CI_MPM.20190704T192139.1324.sac,2019-07-04T19:21:39.238,1324,69,CI.MPM
waveforms/CI_SLA.20190704T192137.1325.sac,2019-07-04T19:21:37.408,1325,69,CI.SLA
waveforms/CI_SRT.20190704T192136.1326.sac,2019-07-04T19:21:36.888,1326,69,CI.SRT
waveforms/CI_TEH.20190704T192147.1327.sac,2019-07-04T19:21:47.848,1327,69,CI.TEH
waveforms/CI_TOW2.20190704T192137.1328.sac,2019-07-04T19:21:37.808,1328,69,CI.TOW2
waveforms/CI_WAS2.20190704T192148.1329.sac,2019-07-04T19:21:48.508,1329,69,CI.WAS2
waveforms/CI_WBM.20190704T192139.1330.sac,2019-07-04T19:21:39.133,1330,69,CI.WBM
waveforms/CI_WBS.20190704T192142.1331.sac,2019-07-04T19:21:42.568,1331,69,CI.WBS
waveforms/CI_WCS2.20190704T192140.1332.sac,2019-07-04T19:21:40.278,1332,69,CI.WCS2
waveforms/CI_WHF.20190704T192145.1333.sac,2019-07-04T19:21:45.278,1333,69,CI.WHF
waveforms/CI_WMF.20190704T192142.1334.sac,2019-07-04T19:21:42.288,1334,69,CI.WMF
waveforms/CI_WOR.20190704T192143.1335.sac,2019-07-04T19:21:43.788,1335,69,CI.WOR
waveforms/CI_WRC2.20190704T192138.1336.sac,2019-07-04T19:21:38.158,1336,69,CI.WRC2
waveforms/NN_GWY.20190704T192147.1337.sac,2019-07-04T19:21:47.758,1337,69,NN.GWY
waveforms/NN_QSM.20190704T192143.1338.sac,2019-07-04T19:21:43.008,1338,69,NN.QSM
waveforms/CI_CCA.20190704T201503.1632.sac,2019-07-04T20:15:03.158,1632,83,CI.CCA
waveforms/CI_CCC.20190704T201455.1633.sac,2019-07-04T20:14:55.028,1633,83,CI.CCC
waveforms/CI_CGO.20190704T201506.1634.sac,2019-07-04T20:15:06.528,1634,83,CI.CGO
waveforms/CI_CLC.20190704T201453.1635.sac,2019-07-04T20:14:53.168,1635,83,CI.CLC
waveforms/CI_CWC.20190704T201506.1636.sac,2019-07-04T20:15:06.718,1636,83,CI.CWC
waveforms/CI_DAW.20190704T201500.1637.sac,2019-07-04T20:15:00.883,1637,83,CI.DAW
waveforms/CI_DTP.20190704T201459.1638.sac,2019-07-04T20:14:59.768,1638,83,CI.DTP
waveforms/CI_EDW2.20190704T201506.1639.sac,2019-07-04T20:15:06.838,1639,83,CI.EDW2
waveforms/CI_FUR.20190704T201508.1640.sac,2019-07-04T20:15:08.058,1640,83,CI.FUR
waveforms/CI_GSC.20190704T201503.1641.sac,2019-07-04T20:15:03.508,1641,83,CI.GSC
waveforms/CI_HAR.20190704T201503.1642.sac,2019-07-04T20:15:03.488,1642,83,CI.HAR
waveforms/CI_HYS.20190704T201505.1643.sac,2019-07-04T20:15:05.638,1643,83,CI.HYS
waveforms/CI_JRC2.20190704T201457.1644.sac,2019-07-04T20:14:57.608,1644,83,CI.JRC2
waveforms/CI_LDR.20190704T201508.1645.sac,2019-07-04T20:15:08.488,1645,83,CI.LDR
waveforms/CI_LMR2.20190704T201504.1646.sac,2019-07-04T20:15:04.668,1646,83,CI.LMR2
waveforms/CI_MPM.20190704T201457.1647.sac,2019-07-04T20:14:57.168,1647,83,CI.MPM
waveforms/CI_SLA.20190704T201455.1648.sac,2019-07-04T20:14:55.618,1648,83,CI.SLA
waveforms/CI_SRT.20190704T201454.1649.sac,2019-07-04T20:14:54.638,1649,83,CI.SRT
waveforms/CI_TEH.20190704T201505.1650.sac,2019-07-04T20:15:05.728,1650,83,CI.TEH
waveforms/CI_TOW2.20190704T201455.1651.sac,2019-07-04T20:14:55.408,1651,83,CI.TOW2
waveforms/CI_WAS2.20190704T201506.1652.sac,2019-07-04T20:15:06.238,1652,83,CI.WAS2
waveforms/CI_WBM.20190704T201456.1653.sac,2019-07-04T20:14:56.983,1653,83,CI.WBM
waveforms/CI_WBS.20190704T201500.1654.sac,2019-07-04T20:15:00.448,1654,83,CI.WBS
waveforms/CI_WCS2.20190704T201457.1655.sac,2019-07-04T20:14:57.668,1655,83,CI.WCS2
waveforms/CI_WHF.20190704T201503.1656.sac,2019-07-04T20:15:03.078,1656,83,CI.WHF
waveforms/CI_WMF.20190704T201459.1657.sac,2019-07-04T20:14:59.878,1657,83,CI.WMF
waveforms/CI_WOR.20190704T201501.1658.sac,2019-07-04T20:15:01.428,1658,83,CI.WOR
waveforms/CI_WRC2.20190704T201455.1659.sac,2019-07-04T20:14:55.748,1659,83,CI.WRC2
waveforms/NN_GWY.20190704T201505.1660.sac,2019-07-04T20:15:05.878,1660,83,NN.GWY
waveforms/NN_QSM.20190704T201501.1661.sac,2019-07-04T20:15:01.318,1661,83,NN.QSM
waveforms/CI_CCA.20190704T214046.1914.sac,2019-07-04T21:40:46.028,1914,94,CI.CCA
waveforms/CI_CCC.20190704T214037.1915.sac,2019-07-04T21:40:37.868,1915,94,CI.CCC
waveforms/CI_CGO.20190704T214050.1916.sac,2019-07-04T21:40:50.358,1916,94,CI.CGO
waveforms/CI_CLC.20190704T214036.1917.sac,2019-07-04T21:40:36.748,1917,94,CI.CLC
waveforms/CI_CWC.20190704T214050.1918.sac,2019-07-04T21:40:50.558,1918,94,CI.CWC
waveforms/CI_DAW.20190704T214044.1919.sac,2019-07-04T21:40:44.723,1919,94,CI.DAW
waveforms/CI_DTP.20190704T214042.1920.sac,2019-07-04T21:40:42.618,1920,94,CI.DTP
waveforms/CI_EDW2.20190704T214049.1921.sac,2019-07-04T21:40:49.788,1921,94,CI.EDW2
waveforms/CI_GSC.20190704T214046.1922.sac,2019-07-04T21:40:46.728,1922,94,CI.GSC
waveforms/CI_HAR.20190704T214046.1923.sac,2019-07-04T21:40:46.268,1923,94,CI.HAR
waveforms/CI_HYS.20190704T214048.1924.sac,2019-07-04T21:40:48.418,1924,94,CI.HYS
waveforms/CI_JRC2.20190704T214041.1925.sac,2019-07-04T21:40:41.248,1925,94,CI.JRC2
waveforms/CI_LDR.20190704T214051.1926.sac,2019-07-04T21:40:51.318,1926,94,CI.LDR
waveforms/CI_LMR2.20190704T214047.1927.sac,2019-07-04T21:40:47.478,1927,94,CI.LMR2
waveforms/CI_MPM.20190704T214040.1928.sac,2019-07-04T21:40:40.998,1928,94,CI.MPM
waveforms/CI_SLA.20190704T214039.1929.sac,2019-07-04T21:40:39.348,1929,94,CI.SLA
waveforms/CI_SRT.20190704T214037.1930.sac,2019-07-04T21:40:37.798,1930,94,CI.SRT
waveforms/CI_TEH.20190704T214048.1931.sac,2019-07-04T21:40:48.788,1931,94,CI.TEH
waveforms/CI_TOW2.20190704T214038.1932.sac,2019-07-04T21:40:38.828,1932,94,CI.TOW2
waveforms/CI_WAS2.20190704T214049.1933.sac,2019-07-04T21:40:49.518,1933,94,CI.WAS2
waveforms/CI_WBM.20190704T214040.1934.sac,2019-07-04T21:40:40.013,1934,94,CI.WBM
waveforms/CI_WBS.20190704T214043.1935.sac,2019-07-04T21:40:43.518,1935,94,CI.WBS
waveforms/CI_WCS2.20190704T214041.1936.sac,2019-07-04T21:40:41.388,1936,94,CI.WCS2
waveforms/CI_WHF.20190704T214046.1937.sac,2019-07-04T21:40:46.308,1937,94,CI.WHF
waveforms/CI_WMF.20190704T214043.1938.sac,2019-07-04T21:40:43.588,1938,94,CI.WMF
waveforms/CI_WOR.20190704T214044.1939.sac,2019-07-04T21:40:44.638,1939,94,CI.WOR
waveforms/CI_WRC2.20190704T214039.1940.sac,2019-07-04T21:40:39.458,1940,94,CI.WRC2
waveforms/NN_GWY.20190704T214049.1941.sac,2019-07-04T21:40:49.608,1941,94,NN.GWY
waveforms/NN_QSM.20190704T214045.1942.sac,2019-07-04T21:40:45.038,1942,94,NN.QSM
waveforms/CI_CCA.20190704T231253.2244.sac,2019-07-04T23:12:53.068,2244,106,CI.CCA
waveforms/CI_CCC.20190704T231244.2245.sac,2019-07-04T23:12:44.398,2245,106,CI.CCC
waveforms/CI_CGO.20190704T231257.2246.sac,2019-07-04T23:12:57.168,2246,106,CI.CGO
waveforms/CI_CLC.20190704T231244.2247.sac,2019-07-04T23:12:44.078,2247,106,CI.CLC
waveforms/CI_DAW.20190704T231251.2248.sac,2019-07-04T23:12:51.473,2248,106,CI.DAW
waveforms/CI_DTP.20190704T231249.2249.sac,2019-07-04T23:12:49.668,2249,106,CI.DTP
waveforms/CI_EDW2.20190704T231256.2250.sac,2019-07-04T23:12:56.648,2250,106,CI.EDW2
waveforms/CI_GSC.20190704T231252.2251.sac,2019-07-04T23:12:52.668,2251,106,CI.GSC
waveforms/CI_HAR.20190704T231252.2252.sac,2019-07-04T23:12:52.828,2252,106,CI.HAR
waveforms/CI_HYS.20190704T231255.2253.sac,2019-07-04T23:12:55.258,2253,106,CI.HYS
waveforms/CI_JRC2.20190704T231248.2254.sac,2019-07-04T23:12:48.388,2254,106,CI.JRC2
waveforms/CI_LMR2.20190704T231254.2255.sac,2019-07-04T23:12:54.338,2255,106,CI.LMR2
waveforms/CI_MPM.20190704T231247.2256.sac,2019-07-04T23:12:47.648,2256,106,CI.MPM
waveforms/CI_SLA.20190704T231245.2257.sac,2019-07-04T23:12:45.718,2257,106,CI.SLA
waveforms/CI_SRT.20190704T231245.2258.sac,2019-07-04T23:12:45.318,2258,106,CI.SRT
waveforms/CI_TEH.20190704T231256.2259.sac,2019-07-04T23:12:56.008,2259,106,CI.TEH
waveforms/CI_TOW2.20190704T231246.2260.sac,2019-07-04T23:12:46.198,2260,106,CI.TOW2
waveforms/CI_WAS2.20190704T231256.2261.sac,2019-07-04T23:12:56.718,2261,106,CI.WAS2
waveforms/CI_WBM.20190704T231247.2262.sac,2019-07-04T23:12:47.483,2262,106,CI.WBM
waveforms/CI_WBS.20190704T231250.2263.sac,2019-07-04T23:12:50.878,2263,106,CI.WBS
waveforms/CI_WCS2.20190704T231248.2264.sac,2019-07-04T23:12:48.528,2264,106,CI.WCS2
waveforms/CI_WHF.20190704T231253.2265.sac,2019-07-04T23:12:53.598,2265,106,CI.WHF
waveforms/CI_WMF.20190704T231250.2266.sac,2019-07-04T23:12:50.648,2266,106,CI.WMF
waveforms/CI_WOR.20190704T231251.2267.sac,2019-07-04T23:12:51.968,2267,106,CI.WOR
waveforms/CI_WRC2.20190704T231246.2268.sac,2019-07-04T23:12:46.488,2268,106,CI.WRC2
waveforms/NN_GWY.20190704T231255.2269.sac,2019-07-04T23:12:55.768,2269,106,NN.GWY
waveforms/NN_QSM.20190704T231251.2270.sac,2019-07-04T23:12:51.168,2270,106,NN.QSM
waveforms/CI_CCA.20190705T015820.2557.sac,2019-07-05T01:58:20.958,2557,118,CI.CCA
waveforms/CI_CCC.20190705T015811.2558.sac,2019-07-05T01:58:11.988,2558,118,CI.CCC
waveforms/CI_CGO.20190705T015823.2559.sac,2019-07-05T01:58:23.778,2559,118,CI.CGO
waveforms/CI_CLC.20190705T015810.2560.sac,2019-07-05T01:58:10.348,2560,118,CI.CLC
waveforms/CI_DAW.20190705T015817.2561.sac,2019-07-05T01:58:17.953,2561,118,CI.DAW
waveforms/CI_DTP.20190705T015817.2562.sac,2019-07-05T01:58:17.558,2562,118,CI.DTP
waveforms/CI_EDW2.20190705T015824.2563.sac,2019-07-05T01:58:24.628,2563,118,CI.EDW2
waveforms/CI_FUR.20190705T015824.2564.sac,2019-07-05T01:58:24.898,2564,118,CI.FUR
waveforms/CI_GSC.20190705T015820.2565.sac,2019-07-05T01:58:20.408,2565,118,CI.GSC
waveforms/CI_HYS.20190705T015823.2566.sac,2019-07-05T01:58:23.238,2566,118,CI.HYS
waveforms/CI_JRC2.20190705T015815.2567.sac,2019-07-05T01:58:15.088,2567,118,CI.JRC2
waveforms/CI_LMR2.20190705T015822.2568.sac,2019-07-05T01:58:22.318,2568,118,CI.LMR2
waveforms/CI_MPM.20190705T015814.2569.sac,2019-07-05T01:58:14.128,2569,118,CI.MPM
waveforms/CI_SLA.20190705T015812.2570.sac,2019-07-05T01:58:12.248,2570,118,CI.SLA
waveforms/CI_SRT.20190705T015812.2571.sac,2019-07-05T01:58:12.408,2571,118,CI.SRT
waveforms/CI_TEH.20190705T015823.2572.sac,2019-07-05T01:58:23.708,2572,118,CI.TEH
waveforms/CI_TOW2.20190705T015813.2573.sac,2019-07-05T01:58:13.038,2573,118,CI.TOW2
waveforms/CI_WAS2.20190705T015824.2574.sac,2019-07-05T01:58:24.168,2574,118,CI.WAS2
waveforms/CI_WBM.20190705T015814.2575.sac,2019-07-05T01:58:14.863,2575,118,CI.WBM
waveforms/CI_WBS.20190705T015818.2576.sac,2019-07-05T01:58:18.388,2576,118,CI.WBS
waveforms/CI_WCS2.20190705T015815.2577.sac,2019-07-05T01:58:15.008,2577,118,CI.WCS2
waveforms/CI_WHF.20190705T015820.2578.sac,2019-07-05T01:58:20.968,2578,118,CI.WHF
waveforms/CI_WMF.20190705T015817.2579.sac,2019-07-05T01:58:17.248,2579,118,CI.WMF
waveforms/CI_WOR.20190705T015819.2580.sac,2019-07-05T01:58:19.278,2580,118,CI.WOR
waveforms/CI_WRC2.20190705T015812.2581.sac,2019-07-05T01:58:12.948,2581,118,CI.WRC2
waveforms/NN_GWY.20190705T015822.2582.sac,2019-07-05T01:58:22.648,2582,118,NN.GWY
waveforms/NN_QSM.20190705T015818.2583.sac,2019-07-05T01:58:18.108,2583,118,NN.QSM
waveforms/CI_CCA.20190705T034707.2875.sac,2019-07-05T03:47:07.358,2875,130,CI.CCA
waveforms/CI_CCC.20190705T034658.2876.sac,2019-07-05T03:46:58.868,2876,130,CI.CCC
waveforms/CI_CGO.20190705T034711.2877.sac,2019-07-05T03:47:11.498,2877,130,CI.CGO
waveforms/CI_CLC.20190705T034657.2878.sac,2019-07-05T03:46:57.678,2878,130,CI.CLC
waveforms/CI_CWC.20190705T034711.2879.sac,2019-07-05T03:47:11.858,2879,130,CI.CWC
waveforms/CI_DAW.20190705T034705.2880.sac,2019-07-05T03:47:05.623,2880,130,CI.DAW
waveforms/CI_DTP.20190705T034703.2881.sac,2019-07-05T03:47:03.958,2881,130,CI.DTP
waveforms/CI_EDW2.20190705T034711.2882.sac,2019-07-05T03:47:11.048,2882,130,CI.EDW2
waveforms/CI_FUR.20190705T034712.2883.sac,2019-07-05T03:47:12.768,2883,130,CI.FUR
waveforms/CI_GSC.20190705T034707.2884.sac,2019-07-05T03:47:07.658,2884,130,CI.GSC
waveforms/CI_HAR.20190705T034707.2885.sac,2019-07-05T03:47:07.528,2885,130,CI.HAR
waveforms/CI_HYS.20190705T034709.2886.sac,2019-07-05T03:47:09.688,2886,130,CI.HYS
waveforms/CI_JRC2.20190705T034702.2887.sac,2019-07-05T03:47:02.348,2887,130,CI.JRC2
waveforms/CI_LDR.20190705T034712.2888.sac,2019-07-05T03:47:12.678,2888,130,CI.LDR
waveforms/CI_LMR2.20190705T034708.2889.sac,2019-07-05T03:47:08.798,2889,130,CI.LMR2
waveforms/CI_MPM.20190705T034701.2890.sac,2019-07-05T03:47:01.808,2890,130,CI.MPM
waveforms/CI_SLA.20190705T034700.2891.sac,2019-07-05T03:47:00.098,2891,130,CI.SLA
waveforms/CI_SRT.20190705T034659.2892.sac,2019-07-05T03:46:59.038,2892,130,CI.SRT
waveforms/CI_TEH.20190705T034710.2893.sac,2019-07-05T03:47:10.198,2893,130,CI.TEH
waveforms/CI_TOW2.20190705T034659.2894.sac,2019-07-05T03:46:59.958,2894,130,CI.TOW2
waveforms/CI_WAS2.20190705T034710.2895.sac,2019-07-05T03:47:10.838,2895,130,CI.WAS2
waveforms/CI_WBM.20190705T034701.2896.sac,2019-07-05T03:47:01.403,2896,130,CI.WBM
waveforms/CI_WBS.20190705T034705.2897.sac,2019-07-05T03:47:05.018,2897,130,CI.WBS
waveforms/CI_WCS2.20190705T034702.2898.sac,2019-07-05T03:47:02.598,2898,130,CI.WCS2
waveforms/CI_WHF.20190705T034707.2899.sac,2019-07-05T03:47:07.638,2899,130,CI.WHF
waveforms/CI_WMF.20190705T034704.2900.sac,2019-07-05T03:47:04.728,2900,130,CI.WMF
waveforms/CI_WOR.20190705T034705.2901.sac,2019-07-05T03:47:05.998,2901,130,CI.WOR
waveforms/CI_WRC2.20190705T034700.2902.sac,2019-07-05T03:47:00.408,2902,130,CI.WRC2
waveforms/NN_GWY.20190705T034710.2903.sac,2019-07-05T03:47:10.438,2903,130,NN.GWY
waveforms/NN_QSM.20190705T034705.2904.sac,2019-07-05T03:47:05.908,2904,130,NN.QSM
waveforms/CI_CCA.20190705T055251.3197.sac,2019-07-05T05:52:51.528,3197,143,CI.CCA
waveforms/CI_CCC.20190705T055242.3198.sac,2019-07-05T05:52:42.678,3198,143,CI.CCC
waveforms/CI_CLC.20190705T055241.3199.sac,2019-07-05T05:52:41.118,3199,143,CI.CLC
waveforms/CI_DAW.20190705T055248.3200.sac,2019-07-05T05:52:48.993,3200,143,CI.DAW
waveforms/CI_DTP.20190705T055248.3201.sac,2019-07-05T05:52:48.218,3201,143,CI.DTP
waveforms/CI_GSC.20190705T055251.3202.sac,2019-07-05T05:52:51.368,3202,143,CI.GSC
waveforms/CI_HAR.20190705T055251.3203.sac,2019-07-05T05:52:51.578,3203,143,CI.HAR
waveforms/CI_HYS.20190705T055253.3204.sac,2019-07-05T05:52:53.928,3204,143,CI.HYS
waveforms/CI_JRC2.20190705T055245.3205.sac,2019-07-05T05:52:45.878,3205,143,CI.JRC2
waveforms/CI_LMR2.20190705T055253.3206.sac,2019-07-05T05:52:53.058,3206,143,CI.LMR2
waveforms/CI_MPM.20190705T055245.3207.sac,2019-07-05T05:52:45.148,3207,143,CI.MPM
waveforms/CI_SLA.20190705T055243.3208.sac,2019-07-05T05:52:43.338,3208,143,CI.SLA
waveforms/CI_SRT.20190705T055242.3209.sac,2019-07-05T05:52:42.938,3209,143,CI.SRT
waveforms/CI_TEH.20190705T055254.3210.sac,2019-07-05T05:52:54.198,3210,143,CI.TEH
waveforms/CI_TOW2.20190705T055243.3211.sac,2019-07-05T05:52:43.728,3211,143,CI.TOW2
waveforms/CI_WBM.20190705T055245.3212.sac,2019-07-05T05:52:45.393,3212,143,CI.WBM
waveforms/CI_WBS.20190705T055248.3213.sac,2019-07-05T05:52:48.958,3213,143,CI.WBS
waveforms/CI_WCS2.20190705T055245.3214.sac,2019-07-05T05:52:45.848,3214,143,CI.WCS2
waveforms/CI_WHF.20190705T055251.3215.sac,2019-07-05T05:52:51.558,3215,143,CI.WHF
waveforms/CI_WMF.20190705T055248.3216.sac,2019-07-05T05:52:48.078,3216,143,CI.WMF
waveforms/CI_WOR.20190705T055249.3217.sac,2019-07-05T05:52:49.878,3217,143,CI.WOR
waveforms/CI_WRC2.20190705T055243.3218.sac,2019-07-05T05:52:43.818,3218,143,CI.WRC2
waveforms/NN_GWY.20190705T055253.3219.sac,2019-07-05T05:52:53.928,3219,143,NN.GWY
waveforms/NN_QSM.20190705T055249.3220.sac,2019-07-05T05:52:49.218,3220,143,NN.QSM
waveforms/CI_CCA.20190705T102730.3511.sac,2019-07-05T10:27:30.668,3511,155,CI.CCA
waveforms/CI_CCC.20190705T102722.3512.sac,2019-07-05T10:27:22.928,3512,155,CI.CCC
waveforms/CI_CGO.20190705T102733.3513.sac,2019-07-05T10:27:33.808,3513,155,CI.CGO
waveforms/CI_CLC.20190705T102720.3514.sac,2019-07-05T10:27:20.038,3514,155,CI.CLC
waveforms/CI_DAW.20190705T102727.3515.sac,2019-07-05T10:27:27.793,3515,155,CI.DAW
waveforms/CI_DTP.20190705T102727.3516.sac,2019-07-05T10:27:27.318,3516,155,CI.DTP
waveforms/CI_EDW2.20190705T102734.3517.sac,2019-07-05T10:27:34.568,3517,155,CI.EDW2
waveforms/CI_GSC.20190705T102731.3518.sac,2019-07-05T10:27:31.378,3518,155,CI.GSC
waveforms/CI_HAR.20190705T102731.3519.sac,2019-07-05T10:27:31.288,3519,155,CI.HAR
waveforms/CI_JRC2.20190705T102724.3520.sac,2019-07-05T10:27:24.348,3520,155,CI.JRC2
waveforms/CI_LDR.20190705T102735.3521.sac,2019-07-05T10:27:35.818,3521,155,CI.LDR
waveforms/CI_LMR2.20190705T102733.3522.sac,2019-07-05T10:27:33.248,3522,155,CI.LMR2
waveforms/CI_MPM.20190705T102724.3523.sac,2019-07-05T10:27:24.128,3523,155,CI.MPM
waveforms/CI_SLA.20190705T102723.3524.sac,2019-07-05T10:27:23.008,3524,155,CI.SLA
waveforms/CI_SRT.20190705T102721.3525.sac,2019-07-05T10:27:21.678,3525,155,CI.SRT
waveforms/CI_TEH.20190705T102732.3526.sac,2019-07-05T10:27:32.928,3526,155,CI.TEH
waveforms/CI_TOW2.20190705T102722.3527.sac,2019-07-05T10:27:22.208,3527,155,CI.TOW2
waveforms/CI_WAS2.20190705T102733.3528.sac,2019-07-05T10:27:33.188,3528,155,CI.WAS2
waveforms/CI_WBM.20190705T102724.3529.sac,2019-07-05T10:27:24.143,3529,155,CI.WBM
waveforms/CI_WBS.20190705T102727.3530.sac,2019-07-05T10:27:27.598,3530,155,CI.WBS
waveforms/CI_WCS2.20190705T102724.3531.sac,2019-07-05T10:27:24.558,3531,155,CI.WCS2
waveforms/CI_WHF.20190705T102730.3532.sac,2019-07-05T10:27:30.028,3532,155,CI.WHF
waveforms/CI_WMF.20190705T102726.3533.sac,2019-07-05T10:27:26.628,3533,155,CI.WMF
waveforms/CI_WOR.20190705T102728.3534.sac,2019-07-05T10:27:28.368,3534,155,CI.WOR
waveforms/CI_WRC2.20190705T102722.3535.sac,2019-07-05T10:27:22.528,3535,155,CI.WRC2
waveforms/NN_GWY.20190705T102733.3536.sac,2019-07-05T10:27:33.358,3536,155,NN.GWY
waveforms/NN_QSM.20190705T102728.3537.sac,2019-07-05T10:27:28.828,3537,155,NN.QSM
waveforms/CI_CCA.20190705T115201.3793.sac,2019-07-05T11:52:01.518,3793,168,CI.CCA
waveforms/CI_CCC.20190705T115155.3794.sac,2019-07-05T11:51:55.358,3794,168,CI.CCC
waveforms/CI_CLC.20190705T115154.3795.sac,2019-07-05T11:51:54.938,3795,168,CI.CLC
waveforms/CI_DAW.20190705T115203.3796.sac,2019-07-05T11:52:03.083,3796,168,CI.DAW
waveforms/CI_DTP.20190705T115158.3797.sac,2019-07-05T11:51:58.088,3797,168,CI.DTP
waveforms/CI_EDW2.20190705T115205.3798.sac,2019-07-05T11:52:05.268,3798,168,CI.EDW2
waveforms/CI_GSC.20190705T115204.3799.sac,2019-07-05T11:52:04.268,3799,168,CI.GSC
waveforms/CI_HAR.20190705T115202.3800.sac,2019-07-05T11:52:02.718,3800,168,CI.HAR
waveforms/CI_HYS.20190705T115204.3801.sac,2019-07-05T11:52:04.448,3801,168,CI.HYS
waveforms/CI_JRC2.20190705T115158.3802.sac,2019-07-05T11:51:58.638,3802,168,CI.JRC2
waveforms/CI_LDR.20190705T115206.3803.sac,2019-07-05T11:52:06.978,3803,168,CI.LDR
waveforms/CI_LMR2.20190705T115203.3804.sac,2019-07-05T11:52:03.208,3804,168,CI.LMR2
waveforms/CI_MPM.20190705T115159.3805.sac,2019-07-05T11:51:59.588,3805,168,CI.MPM
waveforms/CI_SLA.20190705T115158.3806.sac,2019-07-05T11:51:58.248,3806,168,CI.SLA
waveforms/CI_SRT.20190705T115154.3807.sac,2019-07-05T11:51:54.258,3807,168,CI.SRT
waveforms/CI_TEH.20190705T115204.3808.sac,2019-07-05T11:52:04.288,3808,168,CI.TEH
waveforms/CI_TOW2.20190705T115156.3809.sac,2019-07-05T11:51:56.028,3809,168,CI.TOW2
waveforms/CI_WAS2.20190705T115205.3810.sac,2019-07-05T11:52:05.498,3810,168,CI.WAS2
waveforms/CI_WBM.20190705T115155.3811.sac,2019-07-05T11:51:55.883,3811,168,CI.WBM
waveforms/CI_WBS.20190705T115159.3812.sac,2019-07-05T11:51:59.248,3812,168,CI.WBS
waveforms/CI_WCS2.20190705T115159.3813.sac,2019-07-05T11:51:59.148,3813,168,CI.WCS2
waveforms/CI_WHF.20190705T115202.3814.sac,2019-07-05T11:52:02.298,3814,168,CI.WHF
waveforms/CI_WMF.20190705T115201.3815.sac,2019-07-05T11:52:01.168,3815,168,CI.WMF
waveforms/CI_WOR.20190705T115200.3816.sac,2019-07-05T11:52:00.648,3816,168,CI.WOR
waveforms/CI_WRC2.20190705T115157.3817.sac,2019-07-05T11:51:57.508,3817,168,CI.WRC2
waveforms/NN_QSM.20190705T115203.3818.sac,2019-07-05T11:52:03.918,3818,168,NN.QSM
waveforms/CI_CCA.20190705T140201.4096.sac,2019-07-05T14:02:01.208,4096,180,CI.CCA
waveforms/CI_CCC.20190705T140154.4097.sac,2019-07-05T14:01:54.648,4097,180,CI.CCC
waveforms/CI_CGO.20190705T140202.4098.sac,2019-07-05T14:02:02.078,4098,180,CI.CGO
waveforms/CI_CLC.20190705T140148.4099.sac,2019-07-05T14:01:48.648,4099,180,CI.CLC
waveforms/CI_CWC.20190705T140202.4100.sac,2019-07-05T14:02:02.298,4100,180,CI.CWC
waveforms/CI_DAW.20190705T140156.4101.sac,2019-07-05T14:01:56.543,4101,180,CI.DAW
waveforms/CI_DTP.20190705T140157.4102.sac,2019-07-05T14:01:57.968,4102,180,CI.DTP
waveforms/CI_EDW2.20190705T140205.4103.sac,2019-07-05T14:02:05.288,4103,180,CI.EDW2
waveforms/CI_GSC.20190705T140203.4104.sac,2019-07-05T14:02:03.038,4104,180,CI.GSC
waveforms/CI_HAR.20190705T140203.4105.sac,2019-07-05T14:02:03.138,4105,180,CI.HAR
waveforms/CI_HYS.20190705T140204.4106.sac,2019-07-05T14:02:04.758,4106,180,CI.HYS
waveforms/CI_JRC2.20190705T140152.4107.sac,2019-07-05T14:01:52.668,4107,180,CI.JRC2
waveforms/CI_LDR.20190705T140206.4108.sac,2019-07-05T14:02:06.078,4108,180,CI.LDR
waveforms/CI_LMR2.20190705T140203.4109.sac,2019-07-05T14:02:03.518,4109,180,CI.LMR2
waveforms/CI_MPM.20190705T140153.4110.sac,2019-07-05T14:01:53.218,4110,180,CI.MPM
waveforms/CI_SLA.20190705T140153.4111.sac,2019-07-05T14:01:53.358,4111,180,CI.SLA
waveforms/CI_SPG2.20190705T140206.4112.sac,2019-07-05T14:02:06.298,4112,180,CI.SPG2
waveforms/CI_SRT.20190705T140150.4113.sac,2019-07-05T14:01:50.998,4113,180,CI.SRT
waveforms/CI_TEH.20190705T140202.4114.sac,2019-07-05T14:02:02.748,4114,180,CI.TEH
waveforms/CI_TOW2.20190705T140150.4115.sac,2019-07-05T14:01:50.648,4115,180,CI.TOW2
waveforms/CI_WAS2.20190705T140202.4116.sac,2019-07-05T14:02:02.108,4116,180,CI.WAS2
waveforms/CI_WBM.20190705T140153.4117.sac,2019-07-05T14:01:53.663,4117,180,CI.WBM
waveforms/CI_WBS.20190705T140157.4118.sac,2019-07-05T14:01:57.048,4118,180,CI.WBS
waveforms/CI_WCS2.20190705T140152.4119.sac,2019-07-05T14:01:52.798,4119,180,CI.WCS2
waveforms/CI_WHF.20190705T140159.4120.sac,2019-07-05T14:01:59.038,4120,180,CI.WHF
waveforms/CI_WMF.20190705T140154.4121.sac,2019-07-05T14:01:54.998,4121,180,CI.WMF
waveforms/CI_WOR.20190705T140157.4122.sac,2019-07-05T14:01:57.378,4122,180,CI.WOR
waveforms/CI_WRC2.20190705T140150.4123.sac,2019-07-05T14:01:50.928,4123,180,CI.WRC2
waveforms/NN_GWY.20190705T140203.4124.sac,2019-07-05T14:02:03.848,4124,180,NN.GWY
waveforms/NN_QSM.20190705T140159.4125.sac,2019-07-05T14:01:59.448,4125,180,NN.QSM
waveforms/CI_CCC.20190705T205142.4417.sac,2019-07-05T20:51:42.798,4417,192,CI.CCC
waveforms/CI_CLC.20190705T205141.4418.sac,2019-07-05T20:51:41.678,4418,192,CI.CLC
waveforms/CI_DAW.20190705T205149.4419.sac,2019-07-05T20:51:49.733,4419,192,CI.DAW
waveforms/CI_JRC2.20190705T205146.4420.sac,2019-07-05T20:51:46.118,4420,192,CI.JRC2
waveforms/CI_MPM.20190705T205145.4421.sac,2019-07-05T20:51:45.798,4421,192,CI.MPM
waveforms/CI_SLA.20190705T205144.4422.sac,2019-07-05T20:51:44.218,4422,192,CI.SLA
waveforms/CI_SRT.20190705T205142.4423.sac,2019-07-05T20:51:42.638,4423,192,CI.SRT
waveforms/CI_TEH.20190705T205153.4424.sac,2019-07-05T20:51:53.458,4424,192,CI.TEH
waveforms/CI_TOW2.20190705T205143.4425.sac,2019-07-05T20:51:43.708,4425,192,CI.TOW2
waveforms/CI_WAS2.20190705T205154.4426.sac,2019-07-05T20:51:54.338,4426,192,CI.WAS2
waveforms/CI_WBM.20190705T205144.4427.sac,2019-07-05T20:51:44.853,4427,192,CI.WBM
waveforms/CI_WBS.20190705T205148.4428.sac,2019-07-05T20:51:48.268,4428,192,CI.WBS
waveforms/CI_WCS2.20190705T205146.4429.sac,2019-07-05T20:51:46.248,4429,192,CI.WCS2
waveforms/CI_WHF.20190705T205151.4430.sac,2019-07-05T20:51:51.108,4430,192,CI.WHF
waveforms/CI_WMF.20190705T205148.4431.sac,2019-07-05T20:51:48.358,4431,192,CI.WMF
waveforms/CI_WOR.20190705T205149.4432.sac,2019-07-05T20:51:49.438,4432,192,CI.WOR
waveforms/CI_WRC2.20190705T205144.4433.sac,2019-07-05T20:51:44.318,4433,192,CI.WRC2
waveforms/CI_CCA.20190706T001455.4726.sac,2019-07-06T00:14:55.098,4726,204,CI.CCA
waveforms/CI_CCC.20190706T001448.4727.sac,2019-07-06T00:14:48.348,4727,204,CI.CCC
waveforms/CI_CGO.20190706T001457.4728.sac,2019-07-06T00:14:57.088,4728,204,CI.CGO
waveforms/CI_CLC.20190706T001442.4729.sac,2019-07-06T00:14:42.848,4729,204,CI.CLC
waveforms/CI_DAW.20190706T001451.4730.sac,2019-07-06T00:14:51.103,4730,204,CI.DAW
waveforms/CI_DTP.20190706T001451.4731.sac,2019-07-06T00:14:51.838,4731,204,CI.DTP
waveforms/CI_EDW2.20190706T001459.4732.sac,2019-07-06T00:14:59.218,4732,204,CI.EDW2
waveforms/CI_GSC.20190706T001456.4733.sac,2019-07-06T00:14:56.838,4733,204,CI.GSC
waveforms/CI_HAR.20190706T001456.4734.sac,2019-07-06T00:14:56.678,4734,204,CI.HAR
waveforms/CI_HYS.20190706T001458.4735.sac,2019-07-06T00:14:58.528,4735,204,CI.HYS
waveforms/CI_JRC2.20190706T001447.4736.sac,2019-07-06T00:14:47.228,4736,204,CI.JRC2
waveforms/CI_LMR2.20190706T001457.4737.sac,2019-07-06T00:14:57.278,4737,204,CI.LMR2
waveforms/CI_MPM.20190706T001447.4738.sac,2019-07-06T00:14:47.618,4738,204,CI.MPM
waveforms/CI_SLA.20190706T001447.4739.sac,2019-07-06T00:14:47.448,4739,204,CI.SLA
waveforms/CI_SRT.20190706T001445.4740.sac,2019-07-06T00:14:45.088,4740,204,CI.SRT
waveforms/CI_TEH.20190706T001456.4741.sac,2019-07-06T00:14:56.868,4741,204,CI.TEH
waveforms/CI_TOW2.20190706T001445.4742.sac,2019-07-06T00:14:45.058,4742,204,CI.TOW2
waveforms/CI_WAS2.20190706T001456.4743.sac,2019-07-06T00:14:56.478,4743,204,CI.WAS2
waveforms/CI_WBM.20190706T001447.4744.sac,2019-07-06T00:14:47.733,4744,204,CI.WBM
waveforms/CI_WBS.20190706T001451.4745.sac,2019-07-06T00:14:51.238,4745,204,CI.WBS
waveforms/CI_WCS2.20190706T001447.4746.sac,2019-07-06T00:14:47.518,4746,204,CI.WCS2
waveforms/CI_WHF.20190706T001453.4747.sac,2019-07-06T00:14:53.408,4747,204,CI.WHF
waveforms/CI_WMF.20190706T001449.4748.sac,2019-07-06T00:14:49.668,4748,204,CI.WMF
waveforms/CI_WOR.20190706T001451.4749.sac,2019-07-06T00:14:51.738,4749,204,CI.WOR
waveforms/CI_WRC2.20190706T001445.4750.sac,2019-07-06T00:14:45.468,4750,204,CI.WRC2
waveforms/NN_GWY.20190706T001458.4751.sac,2019-07-06T00:14:58.218,4751,204,NN.GWY
waveforms/NN_QSM.20190706T001453.4752.sac,2019-07-06T00:14:53.698,4752,204,NN.QSM
waveforms/CI_CCA.20190706T032302.5064.sac,2019-07-06T03:23:02.558,5064,220,CI.CCA
waveforms/CI_CCC.20190706T032257.5065.sac,2019-07-06T03:22:57.618,5065,220,CI.CCC
waveforms/CI_CGO.20190706T032301.5066.sac,2019-07-06T03:23:01.328,5066,220,CI.CGO
waveforms/CI_CLC.20190706T032251.5067.sac,2019-07-06T03:22:51.238,5067,220,CI.CLC
waveforms/CI_CWC.20190706T032300.5068.sac,2019-07-06T03:23:00.158,5068,220,CI.CWC
waveforms/CI_DAW.20190706T032255.5069.sac,2019-07-06T03:22:55.903,5069,220,CI.DAW
waveforms/CI_DTP.20190706T032259.5070.sac,2019-07-06T03:22:59.978,5070,220,CI.DTP
waveforms/CI_JRC2.20190706T032250.5071.sac,2019-07-06T03:22:50.998,5071,220,CI.JRC2
waveforms/CI_MPM.20190706T032253.5072.sac,2019-07-06T03:22:53.448,5072,220,CI.MPM
waveforms/CI_SRT.20190706T032252.5073.sac,2019-07-06T03:22:52.808,5073,220,CI.SRT
waveforms/CI_TOW2.20190706T032251.5074.sac,2019-07-06T03:22:51.028,5074,220,CI.TOW2
waveforms/CI_WBM.20190706T032252.5075.sac,2019-07-06T03:22:52.573,5075,220,CI.WBM
waveforms/CI_WBS.20190706T032257.5076.sac,2019-07-06T03:22:57.458,5076,220,CI.WBS
waveforms/CI_WCS2.20190706T032251.5077.sac,2019-07-06T03:22:51.298,5077,220,CI.WCS2
waveforms/CI_WHF.20190706T032258.5078.sac,2019-07-06T03:22:58.218,5078,220,CI.WHF
waveforms/CI_WMF.20190706T032253.5079.sac,2019-07-06T03:22:53.178,5079,220,CI.WMF
waveforms/CI_WOR.20190706T032255.5080.sac,2019-07-06T03:22:55.368,5080,220,CI.WOR
waveforms/CI_WRC2.20190706T032250.5081.sac,2019-07-06T03:22:50.928,5081,220,CI.WRC2
waveforms/CI_CCA.20190706T033114.5318.sac,2019-07-06T03:31:14.408,5318,240,CI.CCA
waveforms/CI_CCC.20190706T033106.5319.sac,2019-07-06T03:31:06.408,5319,240,CI.CCC
waveforms/CI_CLC.20190706T033102.5320.sac,2019-07-06T03:31:02.438,5320,240,CI.CLC
waveforms/CI_DAW.20190706T033106.5321.sac,2019-07-06T03:31:06.803,5321,240,CI.DAW
waveforms/CI_JRC2.20190706T033102.5322.sac,2019-07-06T03:31:02.518,5322,240,CI.JRC2
waveforms/CI_MPM.20190706T033104.5323.sac,2019-07-06T03:31:04.388,5323,240,CI.MPM
waveforms/CI_SRT.20190706T033104.5324.sac,2019-07-06T03:31:04.528,5324,240,CI.SRT
waveforms/CI_TEH.20190706T033115.5325.sac,2019-07-06T03:31:15.268,5325,240,CI.TEH
waveforms/CI_TOW2.20190706T033102.5326.sac,2019-07-06T03:31:02.668,5326,240,CI.TOW2
waveforms/CI_WBM.20190706T033106.5327.sac,2019-07-06T03:31:06.303,5327,240,CI.WBM
waveforms/CI_WBS.20190706T033109.5328.sac,2019-07-06T03:31:09.378,5328,240,CI.WBS
waveforms/CI_WCS2.20190706T033102.5329.sac,2019-07-06T03:31:02.628,5329,240,CI.WCS2
waveforms/CI_WHF.20190706T033109.5330.sac,2019-07-06T03:31:09.618,5330,240,CI.WHF
waveforms/CI_WMF.20190706T033104.5331.sac,2019-07-06T03:31:04.628,5331,240,CI.WMF
waveforms/CI_WOR.20190706T033107.5332.sac,2019-07-06T03:31:07.228,5332,240,CI.WOR
waveforms/CI_WRC2.20190706T033101.5333.sac,2019-07-06T03:31:01.708,5333,240,CI.WRC2
waveforms/CI_CCC.20190706T033942.5560.sac,2019-07-06T03:39:42.348,5560,260,CI.CCC
waveforms/CI_CLC.20190706T033937.5561.sac,2019-07-06T03:39:37.218,5561,260,CI.CLC
waveforms/CI_CWC.20190706T033945.5562.sac,2019-07-06T03:39:45.778,5562,260,CI.CWC
waveforms/CI_DAW.20190706T033941.5563.sac,2019-07-06T03:39:41.773,5563,260,CI.DAW
waveforms/CI_JRC2.20190706T033936.5564.sac,2019-07-06T03:39:36.668,5564,260,CI.JRC2
waveforms/CI_MPM.20190706T033939.5565.sac,2019-07-06T03:39:39.278,5565,260,CI.MPM
waveforms/CI_SRT.20190706T033938.5566.sac,2019-07-06T03:39:38.778,5566,260,CI.SRT
waveforms/CI_TEH.20190706T033949.5567.sac,2019-07-06T03:39:49.018,5567,260,CI.TEH
waveforms/CI_TOW2.20190706T033936.5568.sac,2019-07-06T03:39:36.838,5568,260,CI.TOW2
waveforms/CI_WBM.20190706T033940.5569.sac,2019-07-06T03:39:40.393,5569,260,CI.WBM
waveforms/CI_WBS.20190706T033943.5570.sac,2019-07-06T03:39:43.328,5570,260,CI.WBS
waveforms/CI_WCS2.20190706T033936.5571.sac,2019-07-06T03:39:36.898,5571,260,CI.WCS2
waveforms/CI_WHF.20190706T033944.5572.sac,2019-07-06T03:39:44.198,5572,260,CI.WHF
waveforms/CI_WMF.20190706T033937.5573.sac,2019-07-06T03:39:37.578,5573,260,CI.WMF
waveforms/CI_WOR.20190706T033942.5574.sac,2019-07-06T03:39:42.668,5574,260,CI.WOR
waveforms/CI_WRC2.20190706T033936.5575.sac,2019-07-06T03:39:36.468,5575,260,CI.WRC2
waveforms/CI_CCA.20190706T034639.5775.sac,2019-07-06T03:46:39.798,5775,275,CI.CCA
waveforms/CI_CCC.20190706T034630.5776.sac,2019-07-06T03:46:30.958,5776,275,CI.CCC
waveforms/CI_CLC.20190706T034630.5777.sac,2019-07-06T03:46:30.168,5777,275,CI.CLC
waveforms/CI_DAW.20190706T034637.5778.sac,2019-07-06T03:46:37.803,5778,275,CI.DAW
waveforms/CI_DTP.20190706T034636.5779.sac,2019-07-06T03:46:36.248,5779,275,CI.DTP
waveforms/CI_EDW2.20190706T034643.5780.sac,2019-07-06T03:46:43.298,5780,275,CI.EDW2
waveforms/CI_GSC.20190706T034639.5781.sac,2019-07-06T03:46:39.238,5781,275,CI.GSC
waveforms/CI_HAR.20190706T034639.5782.sac,2019-07-06T03:46:39.778,5782,275,CI.HAR
waveforms/CI_HYS.20190706T034642.5783.sac,2019-07-06T03:46:42.058,5783,275,CI.HYS
waveforms/CI_JRC2.20190706T034634.5784.sac,2019-07-06T03:46:34.848,5784,275,CI.JRC2
waveforms/CI_LMR2.20190706T034640.5785.sac,2019-07-06T03:46:40.998,5785,275,CI.LMR2
waveforms/CI_MPM.20190706T034633.5786.sac,2019-07-06T03:46:33.938,5786,275,CI.MPM
waveforms/CI_SLA.20190706T034632.5787.sac,2019-07-06T03:46:32.028,5787,275,CI.SLA
waveforms/CI_SRT.20190706T034631.5788.sac,2019-07-06T03:46:31.818,5788,275,CI.SRT
waveforms/CI_TEH.20190706T034642.5789.sac,2019-07-06T03:46:42.658,5789,275,CI.TEH
waveforms/CI_TOW2.20190706T034632.5790.sac,2019-07-06T03:46:32.638,5790,275,CI.TOW2
waveforms/CI_WBM.20190706T034634.5791.sac,2019-07-06T03:46:34.003,5791,275,CI.WBM
waveforms/CI_WBS.20190706T034637.5792.sac,2019-07-06T03:46:37.408,5792,275,CI.WBS
waveforms/CI_WHF.20190706T034640.5793.sac,2019-07-06T03:46:40.078,5793,275,CI.WHF
waveforms/CI_WMF.20190706T034637.5794.sac,2019-07-06T03:46:37.098,5794,275,CI.WMF
waveforms/CI_WOR.20190706T034638.5795.sac,2019-07-06T03:46:38.478,5795,275,CI.WOR
waveforms/CI_WRC2.20190706T034632.5796.sac,2019-07-06T03:46:32.838,5796,275,CI.WRC2
waveforms/NN_GWY.20190706T034642.5797.sac,2019-07-06T03:46:42.258,5797,275,NN.GWY
waveforms/NN_QSM.20190706T034637.5798.sac,2019-07-06T03:46:37.708,5798,275,NN.QSM
waveforms/CI_CCA.20190706T040255.6103.sac,2019-07-06T04:02:55.488,6103,305,CI.CCA
waveforms/CI_CCC.20190706T040247.6104.sac,2019-07-06T04:02:47.508,6104,305,CI.CCC
waveforms/CI_CLC.20190706T040245.6105.sac,2019-07-06T04:02:45.748,6105,305,CI.CLC
waveforms/CI_DAW.20190706T040251.6106.sac,2019-07-06T04:02:51.563,6106,305,CI.DAW
waveforms/CI_DTP.20190706T040252.6107.sac,2019-07-06T04:02:52.128,6107,305,CI.DTP
waveforms/CI_GSC.20190706T040256.6108.sac,2019-07-06T04:02:56.078,6108,305,CI.GSC
waveforms/CI_HAR.20190706T040255.6109.sac,2019-07-06T04:02:55.678,6109,305,CI.HAR
waveforms/CI_JRC2.20190706T040248.6110.sac,2019-07-06T04:02:48.098,6110,305,CI.JRC2
waveforms/CI_MPM.20190706T040249.6111.sac,2019-07-06T04:02:49.798,6111,305,CI.MPM
waveforms/CI_SLA.20190706T040248.6112.sac,2019-07-06T04:02:48.328,6112,305,CI.SLA
waveforms/CI_TEH.20190706T040258.6113.sac,2019-07-06T04:02:58.168,6113,305,CI.TEH
waveforms/CI_WBM.20190706T040249.6114.sac,2019-07-06T04:02:49.513,6114,305,CI.WBM
waveforms/CI_WCS2.20190706T040248.6115.sac,2019-07-06T04:02:48.538,6115,305,CI.WCS2
waveforms/CI_WHF.20190706T040253.6116.sac,2019-07-06T04:02:53.238,6116,305,CI.WHF
waveforms/CI_WOR.20190706T040252.6117.sac,2019-07-06T04:02:52.888,6117,305,CI.WOR
waveforms/CI_WRC2.20190706T040248.6118.sac,2019-07-06T04:02:48.288,6118,305,CI.WRC2
waveforms/CI_CCA.20190706T041820.6431.sac,2019-07-06T04:18:20.528,6431,335,CI.CCA
waveforms/CI_CCC.20190706T041811.6432.sac,2019-07-06T04:18:11.828,6432,335,CI.CCC
waveforms/CI_CLC.20190706T041811.6433.sac,2019-07-06T04:18:11.408,6433,335,CI.CLC
waveforms/CI_DAW.20190706T041819.6434.sac,2019-07-06T04:18:19.273,6434,335,CI.DAW
waveforms/CI_DTP.20190706T041817.6435.sac,2019-07-06T04:18:17.128,6435,335,CI.DTP
waveforms/CI_GSC.20190706T041820.6436.sac,2019-07-06T04:18:20.488,6436,335,CI.GSC
waveforms/CI_HYS.20190706T041822.6437.sac,2019-07-06T04:18:22.798,6437,335,CI.HYS
waveforms/CI_JRC2.20190706T041816.6438.sac,2019-07-06T04:18:16.038,6438,335,CI.JRC2
waveforms/CI_MPM.20190706T041815.6439.sac,2019-07-06T04:18:15.408,6439,335,CI.MPM
waveforms/CI_SLA.20190706T041813.6440.sac,2019-07-06T04:18:13.488,6440,335,CI.SLA
waveforms/CI_SRT.20190706T041812.6441.sac,2019-07-06T04:18:12.678,6441,335,CI.SRT
waveforms/CI_TEH.20190706T041822.6442.sac,2019-07-06T04:18:22.838,6442,335,CI.TEH
waveforms/CI_TOW2.20190706T041813.6443.sac,2019-07-06T04:18:13.848,6443,335,CI.TOW2
waveforms/CI_WBM.20190706T041814.6444.sac,2019-07-06T04:18:14.833,6444,335,CI.WBM
waveforms/CI_WBS.20190706T041818.6445.sac,2019-07-06T04:18:18.318,6445,335,CI.WBS
waveforms/CI_WHF.20190706T041821.6446.sac,2019-07-06T04:18:21.128,6446,335,CI.WHF
waveforms/CI_WMF.20190706T041818.6447.sac,2019-07-06T04:18:18.318,6447,335,CI.WMF
waveforms/CI_WOR.20190706T041819.6448.sac,2019-07-06T04:18:19.538,6448,335,CI.WOR
waveforms/CI_WRC2.20190706T041814.6449.sac,2019-07-06T04:18:14.148,6449,335,CI.WRC2
waveforms/NN_QSM.20190706T041818.6450.sac,2019-07-06T04:18:18.998,6450,335,NN.QSM
waveforms/CI_CCA.20190706T042823.6707.sac,2019-07-06T04:28:23.648,6707,355,CI.CCA
waveforms/CI_CCC.20190706T042818.6708.sac,2019-07-06T04:28:18.628,6708,355,CI.CCC
waveforms/CI_CGO.20190706T042821.6709.sac,2019-07-06T04:28:21.928,6709,355,CI.CGO
waveforms/CI_CLC.20190706T042811.6710.sac,2019-07-06T04:28:11.828,6710,355,CI.CLC
waveforms/CI_CWC.20190706T042821.6711.sac,2019-07-06T04:28:21.608,6711,355,CI.CWC
waveforms/CI_DAW.20190706T042816.6712.sac,2019-07-06T04:28:16.913,6712,355,CI.DAW
waveforms/CI_DTP.20190706T042821.6713.sac,2019-07-06T04:28:21.008,6713,355,CI.DTP
waveforms/CI_GSC.20190706T042826.6714.sac,2019-07-06T04:28:26.768,6714,355,CI.GSC
waveforms/CI_HYS.20190706T042827.6715.sac,2019-07-06T04:28:27.958,6715,355,CI.HYS
waveforms/CI_JRC2.20190706T042811.6716.sac,2019-07-06T04:28:11.948,6716,355,CI.JRC2
waveforms/CI_LMR2.20190706T042826.6717.sac,2019-07-06T04:28:26.728,6717,355,CI.LMR2
waveforms/CI_MPM.20190706T042814.6718.sac,2019-07-06T04:28:14.428,6718,355,CI.MPM
waveforms/CI_SLA.20190706T042816.6719.sac,2019-07-06T04:28:16.198,6719,355,CI.SLA
waveforms/CI_SPG2.20190706T042825.6720.sac,2019-07-06T04:28:25.828,6720,355,CI.SPG2
waveforms/CI_SRT.20190706T042813.6721.sac,2019-07-06T04:28:13.398,6721,355,CI.SRT
waveforms/CI_TEH.20190706T042824.6722.sac,2019-07-06T04:28:24.438,6722,355,CI.TEH
waveforms/CI_TOW2.20190706T042811.6723.sac,2019-07-06T04:28:11.448,6723,355,CI.TOW2
waveforms/CI_WAS2.20190706T042822.6724.sac,2019-07-06T04:28:22.298,6724,355,CI.WAS2
waveforms/CI_WBM.20190706T042815.6725.sac,2019-07-06T04:28:15.353,6725,355,CI.WBM
waveforms/CI_WBS.20190706T042818.6726.sac,2019-07-06T04:28:18.438,6726,355,CI.WBS
waveforms/CI_WCS2.20190706T042812.6727.sac,2019-07-06T04:28:12.238,6727,355,CI.WCS2
waveforms/CI_WHF.20190706T042819.6728.sac,2019-07-06T04:28:19.428,6728,355,CI.WHF
waveforms/CI_WMF.20190706T042814.6729.sac,2019-07-06T04:28:14.358,6729,355,CI.WMF
waveforms/CI_WOR.20190706T042817.6730.sac,2019-07-06T04:28:17.858,6730,355,CI.WOR
waveforms/CI_WRC2.20190706T042811.6731.sac,2019-07-06T04:28:11.288,6731,355,CI.WRC2
waveforms/NN_GWY.20190706T042826.6732.sac,2019-07-06T04:28:26.528,6732,355,NN.GWY
waveforms/CI_CGO.20190706T043423.6921.sac,2019-07-06T04:34:23.798,6921,371,CI.CGO
waveforms/CI_CLC.20190706T043413.6922.sac,2019-07-06T04:34:13.128,6922,371,CI.CLC
waveforms/CI_CWC.20190706T043422.6923.sac,2019-07-06T04:34:22.758,6923,371,CI.CWC
waveforms/CI_DAW.20190706T043418.6924.sac,2019-07-06T04:34:18.733,6924,371,CI.DAW
waveforms/CI_JRC2.20190706T043413.6925.sac,2019-07-06T04:34:13.668,6925,371,CI.JRC2
waveforms/CI_MPM.20190706T043416.6926.sac,2019-07-06T04:34:16.258,6926,371,CI.MPM
waveforms/CI_SLA.20190706T043418.6927.sac,2019-07-06T04:34:18.358,6927,371,CI.SLA
waveforms/CI_SRT.20190706T043415.6928.sac,2019-07-06T04:34:15.628,6928,371,CI.SRT
waveforms/CI_TOW2.20190706T043413.6929.sac,2019-07-06T04:34:13.738,6929,371,CI.TOW2
waveforms/CI_WAS2.20190706T043423.6930.sac,2019-07-06T04:34:23.958,6930,371,CI.WAS2
waveforms/CI_WBM.20190706T043417.6931.sac,2019-07-06T04:34:17.253,6931,371,CI.WBM
waveforms/CI_WCS2.20190706T043413.6932.sac,2019-07-06T04:34:13.998,6932,371,CI.WCS2
waveforms/CI_WMF.20190706T043416.6933.sac,2019-07-06T04:34:16.008,6933,371,CI.WMF
waveforms/CI_WRC2.20190706T043413.6934.sac,2019-07-06T04:34:13.448,6934,371,CI.WRC2
waveforms/CI_CCA.20190706T044444.7181.sac,2019-07-06T04:44:44.408,7181,391,CI.CCA
waveforms/CI_CCC.20190706T044436.7182.sac,2019-07-06T04:44:36.718,7182,391,CI.CCC
waveforms/CI_CLC.20190706T044436.7183.sac,2019-07-06T04:44:36.178,7183,391,CI.CLC
waveforms/CI_CWC.20190706T044449.7184.sac,2019-07-06T04:44:49.418,7184,391,CI.CWC
waveforms/CI_DAW.20190706T044445.7185.sac,2019-07-06T04:44:45.013,7185,391,CI.DAW
waveforms/CI_DTP.20190706T044440.7186.sac,2019-07-06T04:44:40.098,7186,391,CI.DTP
waveforms/CI_GSC.20190706T044445.7187.sac,2019-07-06T04:44:45.458,7187,391,CI.GSC
waveforms/CI_JRC2.20190706T044439.7188.sac,2019-07-06T04:44:39.938,7188,391,CI.JRC2
waveforms/CI_SRT.20190706T044435.7189.sac,2019-07-06T04:44:35.928,7189,391,CI.SRT
waveforms/CI_TEH.20190706T044446.7190.sac,2019-07-06T04:44:46.298,7190,391,CI.TEH
waveforms/CI_WBM.20190706T044437.7191.sac,2019-07-06T04:44:37.753,7191,391,CI.WBM
waveforms/CI_WBS.20190706T044441.7192.sac,2019-07-06T04:44:41.088,7192,391,CI.WBS
waveforms/CI_WCS2.20190706T044440.7193.sac,2019-07-06T04:44:40.278,7193,391,CI.WCS2
waveforms/CI_WHF.20190706T044444.7194.sac,2019-07-06T04:44:44.108,7194,391,CI.WHF
waveforms/CI_WMF.20190706T044442.7195.sac,2019-07-06T04:44:42.278,7195,391,CI.WMF
waveforms/CI_WOR.20190706T044442.7196.sac,2019-07-06T04:44:42.548,7196,391,CI.WOR
waveforms/CI_WRC2.20190706T044439.7197.sac,2019-07-06T04:44:39.818,7197,391,CI.WRC2
waveforms/NN_QSM.20190706T044445.7198.sac,2019-07-06T04:44:45.378,7198,391,NN.QSM
waveforms/CI_CCA.20190706T045356.7452.sac,2019-07-06T04:53:56.328,7452,411,CI.CCA
waveforms/CI_CCC.20190706T045348.7453.sac,2019-07-06T04:53:48.958,7453,411,CI.CCC
waveforms/CI_CGO.20190706T045354.7454.sac,2019-07-06T04:53:54.818,7454,411,CI.CGO
waveforms/CI_CLC.20190706T045343.7455.sac,2019-07-06T04:53:43.928,7455,411,CI.CLC
waveforms/CI_CWC.20190706T045354.7456.sac,2019-07-06T04:53:54.848,7456,411,CI.CWC
waveforms/CI_DAW.20190706T045349.7457.sac,2019-07-06T04:53:49.393,7457,411,CI.DAW
waveforms/CI_DTP.20190706T045353.7458.sac,2019-07-06T04:53:53.418,7458,411,CI.DTP
waveforms/CI_GSC.20190706T045357.7459.sac,2019-07-06T04:53:57.488,7459,411,CI.GSC
waveforms/CI_JRC2.20190706T045345.7460.sac,2019-07-06T04:53:45.468,7460,411,CI.JRC2
waveforms/CI_MPM.20190706T045346.7461.sac,2019-07-06T04:53:46.558,7461,411,CI.MPM
waveforms/CI_SLA.20190706T045347.7462.sac,2019-07-06T04:53:47.928,7462,411,CI.SLA
waveforms/CI_SRT.20190706T045346.7463.sac,2019-07-06T04:53:46.278,7463,411,CI.SRT
waveforms/CI_TEH.20190706T045357.7464.sac,2019-07-06T04:53:57.438,7464,411,CI.TEH
waveforms/CI_TOW2.20190706T045344.7465.sac,2019-07-06T04:53:44.868,7465,411,CI.TOW2
waveforms/CI_WAS2.20190706T045355.7466.sac,2019-07-06T04:53:55.828,7466,411,CI.WAS2
waveforms/CI_WBM.20190706T045348.7467.sac,2019-07-06T04:53:48.463,7467,411,CI.WBM
waveforms/CI_WBS.20190706T045351.7468.sac,2019-07-06T04:53:51.658,7468,411,CI.WBS
waveforms/CI_WCS2.20190706T045345.7469.sac,2019-07-06T04:53:45.558,7469,411,CI.WCS2
waveforms/CI_WHF.20190706T045352.7470.sac,2019-07-06T04:53:52.968,7470,411,CI.WHF
waveforms/CI_WMF.20190706T045347.7471.sac,2019-07-06T04:53:47.678,7471,411,CI.WMF
waveforms/CI_WOR.20190706T045351.7472.sac,2019-07-06T04:53:51.358,7472,411,CI.WOR
waveforms/CI_WRC2.20190706T045343.7473.sac,2019-07-06T04:53:43.998,7473,411,CI.WRC2
waveforms/NN_QSM.20190706T045354.7474.sac,2019-07-06T04:53:54.158,7474,411,NN.QSM
waveforms/CI_CCA.20190706T050508.7734.sac,2019-07-06T05:05:08.658,7734,427,CI.CCA
waveforms/CI_CCC.20190706T050503.7735.sac,2019-07-06T05:05:03.048,7735,427,CI.CCC
waveforms/CI_CLC.20190706T050455.7736.sac,2019-07-06T05:04:55.638,7736,427,CI.CLC
waveforms/CI_DAW.20190706T050501.7737.sac,2019-07-06T05:05:01.633,7737,427,CI.DAW
waveforms/CI_JRC2.20190706T050456.7738.sac,2019-07-06T05:04:56.638,7738,427,CI.JRC2
waveforms/CI_MPM.20190706T050458.7739.sac,2019-07-06T05:04:58.748,7739,427,CI.MPM
waveforms/CI_SLA.20190706T050457.7740.sac,2019-07-06T05:04:57.988,7740,427,CI.SLA
waveforms/CI_SRT.20190706T050458.7741.sac,2019-07-06T05:04:58.078,7741,427,CI.SRT
waveforms/CI_TEH.20190706T050508.7742.sac,2019-07-06T05:05:08.118,7742,427,CI.TEH
waveforms/CI_TOW2.20190706T050456.7743.sac,2019-07-06T05:04:56.158,7743,427,CI.TOW2
waveforms/CI_WBM.20190706T050500.7744.sac,2019-07-06T05:05:00.093,7744,427,CI.WBM
waveforms/CI_WBS.20190706T050503.7745.sac,2019-07-06T05:05:03.348,7745,427,CI.WBS
waveforms/CI_WCS2.20190706T050456.7746.sac,2019-07-06T05:04:56.958,7746,427,CI.WCS2
waveforms/CI_WMF.20190706T050459.7747.sac,2019-07-06T05:04:59.118,7747,427,CI.WMF
waveforms/CI_WRC2.20190706T050455.7748.sac,2019-07-06T05:04:55.608,7748,427,CI.WRC2
waveforms/CI_CCC.20190706T051630.8006.sac,2019-07-06T05:16:30.078,8006,445,CI.CCC
waveforms/CI_CLC.20190706T051621.8007.sac,2019-07-06T05:16:21.778,8007,445,CI.CLC
waveforms/CI_CWC.20190706T051632.8008.sac,2019-07-06T05:16:32.418,8008,445,CI.CWC
waveforms/CI_DAW.20190706T051627.8009.sac,2019-07-06T05:16:27.563,8009,445,CI.DAW
waveforms/CI_GSC.20190706T051638.8010.sac,2019-07-06T05:16:38.608,8010,445,CI.GSC
waveforms/CI_JRC2.20190706T051622.8011.sac,2019-07-06T05:16:22.648,8011,445,CI.JRC2
waveforms/CI_MPM.20190706T051625.8012.sac,2019-07-06T05:16:25.328,8012,445,CI.MPM
waveforms/CI_SRT.20190706T051625.8013.sac,2019-07-06T05:16:25.198,8013,445,CI.SRT
waveforms/CI_TEH.20190706T051635.8014.sac,2019-07-06T05:16:35.898,8014,445,CI.TEH
waveforms/CI_TOW2.20190706T051623.8015.sac,2019-07-06T05:16:23.118,8015,445,CI.TOW2
waveforms/CI_WBS.20190706T051629.8016.sac,2019-07-06T05:16:29.938,8016,445,CI.WBS
waveforms/CI_WCS2.20190706T051622.8017.sac,2019-07-06T05:16:22.988,8017,445,CI.WCS2
waveforms/CI_WHF.20190706T051631.8018.sac,2019-07-06T05:16:31.658,8018,445,CI.WHF
waveforms/CI_WMF.20190706T051625.8019.sac,2019-07-06T05:16:25.038,8019,445,CI.WMF
waveforms/CI_WOR.20190706T051629.8020.sac,2019-07-06T05:16:29.418,8020,445,CI.WOR
waveforms/CI_WRC2.20190706T051622.8021.sac,2019-07-06T05:16:22.318,8021,445,CI.WRC2
waveforms/NN_GWY.20190706T051634.8022.sac,2019-07-06T05:16:34.448,8022,445,NN.GWY
waveforms/CI_CCA.20190706T052336.8212.sac,2019-07-06T05:23:36.778,8212,460,CI.CCA
waveforms/CI_CCC.20190706T052330.8213.sac,2019-07-06T05:23:30.558,8213,460,CI.CCC
waveforms/CI_CLC.20190706T052324.8214.sac,2019-07-06T05:23:24.418,8214,460,CI.CLC
waveforms/CI_DAW.20190706T052329.8215.sac,2019-07-06T05:23:29.193,8215,460,CI.DAW
waveforms/CI_DTP.20190706T052334.8216.sac,2019-07-06T05:23:34.298,8216,460,CI.DTP
waveforms/CI_MPM.20190706T052326.8217.sac,2019-07-06T05:23:26.748,8217,460,CI.MPM
waveforms/CI_SLA.20190706T052329.8218.sac,2019-07-06T05:23:29.378,8218,460,CI.SLA
waveforms/CI_SRT.20190706T052326.8219.sac,2019-07-06T05:23:26.508,8219,460,CI.SRT
waveforms/CI_TEH.20190706T052336.8220.sac,2019-07-06T05:23:36.448,8220,460,CI.TEH
waveforms/CI_TOW2.20190706T052324.8221.sac,2019-07-06T05:23:24.538,8221,460,CI.TOW2
waveforms/CI_WAS2.20190706T052332.8222.sac,2019-07-06T05:23:32.258,8222,460,CI.WAS2
waveforms/CI_WBM.20190706T052328.8223.sac,2019-07-06T05:23:28.353,8223,460,CI.WBM
waveforms/CI_WBS.20190706T052331.8224.sac,2019-07-06T05:23:31.318,8224,460,CI.WBS
waveforms/CI_WCS2.20190706T052325.8225.sac,2019-07-06T05:23:25.478,8225,460,CI.WCS2
waveforms/CI_WHF.20190706T052332.8226.sac,2019-07-06T05:23:32.238,8226,460,CI.WHF
waveforms/CI_WMF.20190706T052327.8227.sac,2019-07-06T05:23:27.688,8227,460,CI.WMF
waveforms/CI_WRC2.20190706T052323.8228.sac,2019-07-06T05:23:23.788,8228,460,CI.WRC2
waveforms/CI_CCA.20190706T053243.8493.sac,2019-07-06T05:32:43.618,8493,479,CI.CCA
waveforms/CI_CCC.20190706T053238.8494.sac,2019-07-06T05:32:38.118,8494,479,CI.CCC
waveforms/CI_CLC.20190706T053231.8495.sac,2019-07-06T05:32:31.188,8495,479,CI.CLC
waveforms/CI_DTP.20190706T053240.8496.sac,2019-07-06T05:32:40.938,8496,479,CI.DTP
waveforms/CI_FUR.20190706T053246.8497.sac,2019-07-06T05:32:46.378,8497,479,CI.FUR
waveforms/CI_GSC.20190706T053246.8498.sac,2019-07-06T05:32:46.248,8498,479,CI.GSC
waveforms/CI_JRC2.20190706T053232.8499.sac,2019-07-06T05:32:32.118,8499,479,CI.JRC2
waveforms/CI_MPM.20190706T053233.8500.sac,2019-07-06T05:32:33.968,8500,479,CI.MPM
waveforms/CI_SLA.20190706T053235.8501.sac,2019-07-06T05:32:35.718,8501,479,CI.SLA
waveforms/CI_SPG2.20190706T053246.8502.sac,2019-07-06T05:32:46.218,8502,479,CI.SPG2
waveforms/CI_SRT.20190706T053233.8503.sac,2019-07-06T05:32:33.358,8503,479,CI.SRT
waveforms/CI_TEH.20190706T053244.8504.sac,2019-07-06T05:32:44.378,8504,479,CI.TEH
waveforms/CI_TOW2.20190706T053231.8505.sac,2019-07-06T05:32:31.478,8505,479,CI.TOW2
waveforms/CI_WBM.20190706T053235.8506.sac,2019-07-06T05:32:35.473,8506,479,CI.WBM
waveforms/CI_WBS.20190706T053238.8507.sac,2019-07-06T05:32:38.678,8507,479,CI.WBS
waveforms/CI_WCS2.20190706T053232.8508.sac,2019-07-06T05:32:32.348,8508,479,CI.WCS2
waveforms/CI_WHF.20190706T053240.8509.sac,2019-07-06T05:32:40.138,8509,479,CI.WHF
waveforms/CI_WMF.20190706T053234.8510.sac,2019-07-06T05:32:34.548,8510,479,CI.WMF
waveforms/CI_WRC2.20190706T053230.8511.sac,2019-07-06T05:32:30.858,8511,479,CI.WRC2
waveforms/CI_CCA.20190706T054424.8805.sac,2019-07-06T05:44:24.098,8805,499,CI.CCA
waveforms/CI_CCC.20190706T054418.8806.sac,2019-07-06T05:44:18.738,8806,499,CI.CCC
waveforms/CI_CGO.20190706T054421.8807.sac,2019-07-06T05:44:21.258,8807,499,CI.CGO
waveforms/CI_CLC.20190706T054410.8808.sac,2019-07-06T05:44:10.758,8808,499,CI.CLC
waveforms/CI_CWC.20190706T054421.8809.sac,2019-07-06T05:44:21.058,8809,499,CI.CWC
waveforms/CI_DAW.20190706T054415.8810.sac,2019-07-06T05:44:15.643,8810,499,CI.DAW
waveforms/CI_DTP.20190706T054421.8811.sac,2019-07-06T05:44:21.338,8811,499,CI.DTP
waveforms/CI_JRC2.20190706T054411.8812.sac,2019-07-06T05:44:11.188,8812,499,CI.JRC2
waveforms/CI_MPM.20190706T054413.8813.sac,2019-07-06T05:44:13.398,8813,499,CI.MPM
waveforms/CI_SLA.20190706T054415.8814.sac,2019-07-06T05:44:15.778,8814,499,CI.SLA
waveforms/CI_SPG2.20190706T054425.8815.sac,2019-07-06T05:44:25.498,8815,499,CI.SPG2
waveforms/CI_SRT.20190706T054413.8816.sac,2019-07-06T05:44:13.958,8816,499,CI.SRT
waveforms/CI_TEH.20190706T054424.8817.sac,2019-07-06T05:44:24.328,8817,499,CI.TEH
waveforms/CI_TOW2.20190706T054411.8818.sac,2019-07-06T05:44:11.658,8818,499,CI.TOW2
waveforms/CI_WAS2.20190706T054422.8819.sac,2019-07-06T05:44:22.478,8819,499,CI.WAS2
waveforms/CI_WBM.20190706T054415.8820.sac,2019-07-06T05:44:15.153,8820,499,CI.WBM
waveforms/CI_WBS.20190706T054418.8821.sac,2019-07-06T05:44:18.438,8821,499,CI.WBS
waveforms/CI_WCS2.20190706T054411.8822.sac,2019-07-06T05:44:11.278,8822,499,CI.WCS2
waveforms/CI_WHF.20190706T054419.8823.sac,2019-07-06T05:44:19.698,8823,499,CI.WHF
waveforms/CI_WMF.20190706T054413.8824.sac,2019-07-06T05:44:13.468,8824,499,CI.WMF
waveforms/CI_WOR.20190706T054418.8825.sac,2019-07-06T05:44:18.158,8825,499,CI.WOR
waveforms/CI_WRC2.20190706T054410.8826.sac,2019-07-06T05:44:10.318,8826,499,CI.WRC2
waveforms/NN_QSM.20190706T054421.8827.sac,2019-07-06T05:44:21.898,8827,499,NN.QSM
waveforms/CI_CCA.20190706T055521.9042.sac,2019-07-06T05:55:21.608,9042,515,CI.CCA
waveforms/CI_CCC.20190706T055516.9043.sac,2019-07-06T05:55:16.508,9043,515,CI.CCC
waveforms/CI_CLC.20190706T055509.9044.sac,2019-07-06T05:55:09.778,9044,515,CI.CLC
waveforms/CI_JRC2.20190706T055509.9045.sac,2019-07-06T05:55:09.478,9045,515,CI.JRC2
waveforms/CI_MPM.20190706T055512.9046.sac,2019-07-06T05:55:12.018,9046,515,CI.MPM
waveforms/CI_SRT.20190706T055511.9047.sac,2019-07-06T05:55:11.518,9047,515,CI.SRT
waveforms/CI_TEH.20190706T055522.9048.sac,2019-07-06T05:55:22.178,9048,515,CI.TEH
waveforms/CI_TOW2.20190706T055509.9049.sac,2019-07-06T05:55:09.558,9049,515,CI.TOW2
waveforms/CI_WBM.20190706T055513.9050.sac,2019-07-06T05:55:13.353,9050,515,CI.WBM
waveforms/CI_WBS.20190706T055516.9051.sac,2019-07-06T05:55:16.358,9051,515,CI.WBS
waveforms/CI_WCS2.20190706T055509.9052.sac,2019-07-06T05:55:09.878,9052,515,CI.WCS2
waveforms/CI_WHF.20190706T055517.9053.sac,2019-07-06T05:55:17.368,9053,515,CI.WHF
waveforms/CI_WMF.20190706T055510.9054.sac,2019-07-06T05:55:10.718,9054,515,CI.WMF
waveforms/CI_WOR.20190706T055515.9055.sac,2019-07-06T05:55:15.778,9055,515,CI.WOR
waveforms/CI_WRC2.20190706T055509.9056.sac,2019-07-06T05:55:09.058,9056,515,CI.WRC2
waveforms/CI_CCA.20190706T060645.9336.sac,2019-07-06T06:06:45.778,9336,535,CI.CCA
waveforms/CI_CCC.20190706T060634.9337.sac,2019-07-06T06:06:34.458,9337,535,CI.CCC
waveforms/CI_CWC.20190706T060648.9338.sac,2019-07-06T06:06:48.328,9338,535,CI.CWC
waveforms/CI_DTP.20190706T060641.9339.sac,2019-07-06T06:06:41.928,9339,535,CI.DTP
waveforms/CI_GSC.20190706T060643.9340.sac,2019-07-06T06:06:43.158,9340,535,CI.GSC
waveforms/CI_HAR.20190706T060642.9341.sac,2019-07-06T06:06:42.758,9341,535,CI.HAR
waveforms/CI_LMR2.20190706T060645.9342.sac,2019-07-06T06:06:45.648,9342,535,CI.LMR2
waveforms/CI_SLA.20190706T060638.9343.sac,2019-07-06T06:06:38.658,9343,535,CI.SLA
waveforms/CI_TEH.20190706T060649.9344.sac,2019-07-06T06:06:49.168,9344,535,CI.TEH
waveforms/CI_TOW2.20190706T060639.9345.sac,2019-07-06T06:06:39.008,9345,535,CI.TOW2
waveforms/CI_WBM.20190706T060641.9346.sac,2019-07-06T06:06:41.483,9346,535,CI.WBM
waveforms/CI_WBS.20190706T060645.9347.sac,2019-07-06T06:06:45.488,9347,535,CI.WBS
waveforms/CI_CCA.20190706T061735.9566.sac,2019-07-06T06:17:35.438,9566,550,CI.CCA
waveforms/CI_CCC.20190706T061729.9567.sac,2019-07-06T06:17:29.818,9567,550,CI.CCC
waveforms/CI_CGO.20190706T061732.9568.sac,2019-07-06T06:17:32.538,9568,550,CI.CGO
waveforms/CI_CLC.20190706T061723.9569.sac,2019-07-06T06:17:23.118,9569,550,CI.CLC
waveforms/CI_CWC.20190706T061733.9570.sac,2019-07-06T06:17:33.658,9570,550,CI.CWC
waveforms/CI_DAW.20190706T061728.9571.sac,2019-07-06T06:17:28.473,9571,550,CI.DAW
waveforms/CI_DTP.20190706T061732.9572.sac,2019-07-06T06:17:32.608,9572,550,CI.DTP
waveforms/CI_JRC2.20190706T061722.9573.sac,2019-07-06T06:17:22.688,9573,550,CI.JRC2
waveforms/CI_MPM.20190706T061725.9574.sac,2019-07-06T06:17:25.798,9574,550,CI.MPM
waveforms/CI_SLA.20190706T061727.9575.sac,2019-07-06T06:17:27.398,9575,550,CI.SLA
waveforms/CI_SPG2.20190706T061736.9576.sac,2019-07-06T06:17:36.768,9576,550,CI.SPG2
waveforms/CI_SRT.20190706T061725.9577.sac,2019-07-06T06:17:25.318,9577,550,CI.SRT
waveforms/CI_TEH.20190706T061736.9578.sac,2019-07-06T06:17:36.418,9578,550,CI.TEH
waveforms/CI_TOW2.20190706T061722.9579.sac,2019-07-06T06:17:22.328,9579,550,CI.TOW2
waveforms/CI_WAS2.20190706T061734.9580.sac,2019-07-06T06:17:34.658,9580,550,CI.WAS2
waveforms/CI_WBM.20190706T061727.9581.sac,2019-07-06T06:17:27.433,9581,550,CI.WBM
waveforms/CI_WBS.20190706T061730.9582.sac,2019-07-06T06:17:30.608,9582,550,CI.WBS
waveforms/CI_WCS2.20190706T061722.9583.sac,2019-07-06T06:17:22.958,9583,550,CI.WCS2
waveforms/CI_WHF.20190706T061730.9584.sac,2019-07-06T06:17:30.238,9584,550,CI.WHF
waveforms/CI_WMF.20190706T061726.9585.sac,2019-07-06T06:17:26.558,9585,550,CI.WMF
waveforms/CI_WRC2.20190706T061721.9586.sac,2019-07-06T06:17:21.378,9586,550,CI.WRC2
waveforms/NN_QSM.20190706T061731.9587.sac,2019-07-06T06:17:31.658,9587,550,NN.QSM
waveforms/CI_CCC.20190706T062934.9816.sac,2019-07-06T06:29:34.108,9816,564,CI.CCC
waveforms/CI_CLC.20190706T062928.9817.sac,2019-07-06T06:29:28.088,9817,564,CI.CLC
waveforms/CI_CWC.20190706T062938.9818.sac,2019-07-06T06:29:38.008,9818,564,CI.CWC
waveforms/CI_JRC2.20190706T062927.9819.sac,2019-07-06T06:29:27.938,9819,564,CI.JRC2
waveforms/CI_MPM.20190706T062930.9820.sac,2019-07-06T06:29:30.978,9820,564,CI.MPM
waveforms/CI_SLA.20190706T062932.9821.sac,2019-07-06T06:29:32.578,9821,564,CI.SLA
waveforms/CI_SRT.20190706T062929.9822.sac,2019-07-06T06:29:29.778,9822,564,CI.SRT
waveforms/CI_TEH.20190706T062940.9823.sac,2019-07-06T06:29:40.778,9823,564,CI.TEH
waveforms/CI_TOW2.20190706T062927.9824.sac,2019-07-06T06:29:27.628,9824,564,CI.TOW2
waveforms/CI_WBM.20190706T062931.9825.sac,2019-07-06T06:29:31.663,9825,564,CI.WBM
waveforms/CI_WCS2.20190706T062928.9826.sac,2019-07-06T06:29:28.198,9826,564,CI.WCS2
waveforms/CI_WMF.20190706T062930.9827.sac,2019-07-06T06:29:30.498,9827,564,CI.WMF
waveforms/CI_WRC2.20190706T062927.9828.sac,2019-07-06T06:29:27.358,9828,564,CI.WRC2
waveforms/CI_CCC.20190706T063724.10037.sac,2019-07-06T06:37:24.558,10037,578,CI.CCC
waveforms/CI_CLC.20190706T063722.10038.sac,2019-07-06T06:37:22.678,10038,578,CI.CLC
waveforms/CI_DTP.20190706T063729.10039.sac,2019-07-06T06:37:29.418,10039,578,CI.DTP
waveforms/CI_GSC.20190706T063733.10040.sac,2019-07-06T06:37:33.188,10040,578,CI.GSC
waveforms/CI_MPM.20190706T063726.10041.sac,2019-07-06T06:37:26.818,10041,578,CI.MPM
waveforms/CI_SLA.20190706T063725.10042.sac,2019-07-06T06:37:25.278,10042,578,CI.SLA
waveforms/CI_SRT.20190706T063724.10043.sac,2019-07-06T06:37:24.188,10043,578,CI.SRT
waveforms/CI_TEH.20190706T063735.10044.sac,2019-07-06T06:37:35.928,10044,578,CI.TEH
waveforms/CI_TOW2.20190706T063725.10045.sac,2019-07-06T06:37:25.438,10045,578,CI.TOW2
waveforms/CI_WAS2.20190706T063736.10046.sac,2019-07-06T06:37:36.178,10046,578,CI.WAS2
waveforms/CI_WBM.20190706T063726.10047.sac,2019-07-06T06:37:26.703,10047,578,CI.WBM
waveforms/CI_WCS2.20190706T063725.10048.sac,2019-07-06T06:37:25.078,10048,578,CI.WCS2
waveforms/CI_CGO.20190706T064820.10245.sac,2019-07-06T06:48:20.318,10245,591,CI.CGO
waveforms/CI_CWC.20190706T064819.10246.sac,2019-07-06T06:48:19.608,10246,591,CI.CWC
waveforms/CI_DAW.20190706T064815.10247.sac,2019-07-06T06:48:15.253,10247,591,CI.DAW
waveforms/CI_JRC2.20190706T064810.10248.sac,2019-07-06T06:48:10.088,10248,591,CI.JRC2
waveforms/CI_MPM.20190706T064812.10249.sac,2019-07-06T06:48:12.638,10249,591,CI.MPM
waveforms/CI_SLA.20190706T064814.10250.sac,2019-07-06T06:48:14.718,10250,591,CI.SLA
waveforms/CI_SPG2.20190706T064823.10251.sac,2019-07-06T06:48:23.998,10251,591,CI.SPG2
waveforms/CI_SRT.20190706T064812.10252.sac,2019-07-06T06:48:12.158,10252,591,CI.SRT
waveforms/CI_TOW2.20190706T064810.10253.sac,2019-07-06T06:48:10.188,10253,591,CI.TOW2
waveforms/CI_WAS2.20190706T064820.10254.sac,2019-07-06T06:48:20.778,10254,591,CI.WAS2
waveforms/CI_WBM.20190706T064813.10255.sac,2019-07-06T06:48:13.973,10255,591,CI.WBM
waveforms/CI_WBS.20190706T064816.10256.sac,2019-07-06T06:48:16.038,10256,591,CI.WBS
waveforms/CI_WCS2.20190706T064810.10257.sac,2019-07-06T06:48:10.458,10257,591,CI.WCS2
waveforms/CI_WMF.20190706T064812.10258.sac,2019-07-06T06:48:12.578,10258,591,CI.WMF
waveforms/CI_WRC2.20190706T064809.10259.sac,2019-07-06T06:48:09.728,10259,591,CI.WRC2
waveforms/CI_CCA.20190706T070435.10508.sac,2019-07-06T07:04:35.398,10508,608,CI.CCA
waveforms/CI_CCC.20190706T070427.10509.sac,2019-07-06T07:04:27.698,10509,608,CI.CCC
waveforms/CI_CLC.20190706T070424.10510.sac,2019-07-06T07:04:24.008,10510,608,CI.CLC
waveforms/CI_DTP.20190706T070432.10511.sac,2019-07-06T07:04:32.118,10511,608,CI.DTP
waveforms/CI_HAR.20190706T070436.10512.sac,2019-07-06T07:04:36.648,10512,608,CI.HAR
waveforms/CI_SLA.20190706T070427.10513.sac,2019-07-06T07:04:27.528,10513,608,CI.SLA
waveforms/CI_SRT.20190706T070425.10514.sac,2019-07-06T07:04:25.928,10514,608,CI.SRT
waveforms/CI_TEH.20190706T070437.10515.sac,2019-07-06T07:04:37.458,10515,608,CI.TEH
waveforms/CI_TOW2.20190706T070426.10516.sac,2019-07-06T07:04:26.288,10516,608,CI.TOW2
waveforms/CI_WAS2.20190706T070437.10517.sac,2019-07-06T07:04:37.468,10517,608,CI.WAS2
waveforms/CI_WBM.20190706T070428.10518.sac,2019-07-06T07:04:28.523,10518,608,CI.WBM
waveforms/CI_WBS.20190706T070432.10519.sac,2019-07-06T07:04:32.008,10519,608,CI.WBS
waveforms/NN_GWY.20190706T070438.10520.sac,2019-07-06T07:04:38.008,10520,608,NN.GWY
waveforms/NN_QSM.20190706T070433.10521.sac,2019-07-06T07:04:33.408,10521,608,NN.QSM
waveforms/CI_CCA.20190706T071539.10764.sac,2019-07-06T07:15:39.308,10764,622,CI.CCA
waveforms/CI_CCC.20190706T071531.10765.sac,2019-07-06T07:15:31.108,10765,622,CI.CCC
waveforms/CI_CLC.20190706T071529.10766.sac,2019-07-06T07:15:29.368,10766,622,CI.CLC
waveforms/CI_CWC.20190706T071542.10767.sac,2019-07-06T07:15:42.708,10767,622,CI.CWC
waveforms/CI_DAW.20190706T071536.10768.sac,2019-07-06T07:15:36.883,10768,622,CI.DAW
waveforms/CI_DTP.20190706T071536.10769.sac,2019-07-06T07:15:36.028,10769,622,CI.DTP
waveforms/CI_EDW2.20190706T071543.10770.sac,2019-07-06T07:15:43.118,10770,622,CI.EDW2
waveforms/CI_GSC.20190706T071539.10771.sac,2019-07-06T07:15:39.488,10771,622,CI.GSC
waveforms/CI_HAR.20190706T071539.10772.sac,2019-07-06T07:15:39.598,10772,622,CI.HAR
waveforms/CI_HYS.20190706T071541.10773.sac,2019-07-06T07:15:41.858,10773,622,CI.HYS
waveforms/CI_JRC2.20190706T071533.10774.sac,2019-07-06T07:15:33.648,10774,622,CI.JRC2
waveforms/CI_LDR.20190706T071544.10775.sac,2019-07-06T07:15:44.598,10775,622,CI.LDR
waveforms/CI_LMR2.20190706T071540.10776.sac,2019-07-06T07:15:40.738,10776,622,CI.LMR2
waveforms/CI_MPM.20190706T071533.10777.sac,2019-07-06T07:15:33.148,10777,622,CI.MPM
waveforms/CI_SLA.20190706T071531.10778.sac,2019-07-06T07:15:31.638,10778,622,CI.SLA
waveforms/CI_SRT.20190706T071530.10779.sac,2019-07-06T07:15:30.848,10779,622,CI.SRT
waveforms/CI_TEH.20190706T071541.10780.sac,2019-07-06T07:15:41.828,10780,622,CI.TEH
waveforms/CI_TOW2.20190706T071531.10781.sac,2019-07-06T07:15:31.598,10781,622,CI.TOW2
waveforms/CI_WAS2.20190706T071542.10782.sac,2019-07-06T07:15:42.288,10782,622,CI.WAS2
waveforms/CI_WBM.20190706T071533.10783.sac,2019-07-06T07:15:33.153,10783,622,CI.WBM
waveforms/CI_WBS.20190706T071536.10784.sac,2019-07-06T07:15:36.578,10784,622,CI.WBS
waveforms/CI_WHF.20190706T071539.10785.sac,2019-07-06T07:15:39.138,10785,622,CI.WHF
waveforms/CI_WMF.20190706T071534.10786.sac,2019-07-06T07:15:34.658,10786,622,CI.WMF
waveforms/CI_WOR.20190706T071537.10787.sac,2019-07-06T07:15:37.468,10787,622,CI.WOR
waveforms/CI_WRC2.20190706T071531.10788.sac,2019-07-06T07:15:31.778,10788,622,CI.WRC2
waveforms/NN_GWY.20190706T071541.10789.sac,2019-07-06T07:15:41.838,10789,622,NN.GWY
waveforms/NN_QSM.20190706T071537.10790.sac,2019-07-06T07:15:37.268,10790,622,NN.QSM
waveforms/CI_CCA.20190706T073018.11012.sac,2019-07-06T07:30:18.378,11012,636,CI.CCA
waveforms/CI_CCC.20190706T073013.11013.sac,2019-07-06T07:30:13.438,11013,636,CI.CCC
waveforms/CI_CGO.20190706T073017.11014.sac,2019-07-06T07:30:17.658,11014,636,CI.CGO
waveforms/CI_CLC.20190706T073006.11015.sac,2019-07-06T07:30:06.808,11015,636,CI.CLC
waveforms/CI_CWC.20190706T073017.11016.sac,2019-07-06T07:30:17.048,11016,636,CI.CWC
waveforms/CI_DAW.20190706T073012.11017.sac,2019-07-06T07:30:12.283,11017,636,CI.DAW
waveforms/CI_DTP.20190706T073013.11018.sac,2019-07-06T07:30:13.718,11018,636,CI.DTP
waveforms/CI_JRC2.20190706T073007.11019.sac,2019-07-06T07:30:07.488,11019,636,CI.JRC2
waveforms/CI_LMR2.20190706T073021.11020.sac,2019-07-06T07:30:21.798,11020,636,CI.LMR2
waveforms/CI_MPM.20190706T073009.11021.sac,2019-07-06T07:30:09.568,11021,636,CI.MPM
waveforms/CI_SLA.20190706T073011.11022.sac,2019-07-06T07:30:11.168,11022,636,CI.SLA
waveforms/CI_SRT.20190706T073008.11023.sac,2019-07-06T07:30:08.668,11023,636,CI.SRT
waveforms/CI_TOW2.20190706T073006.11024.sac,2019-07-06T07:30:06.878,11024,636,CI.TOW2
waveforms/CI_WBM.20190706T073010.11025.sac,2019-07-06T07:30:10.683,11025,636,CI.WBM
waveforms/CI_WBS.20190706T073013.11026.sac,2019-07-06T07:30:13.718,11026,636,CI.WBS
waveforms/CI_WCS2.20190706T073007.11027.sac,2019-07-06T07:30:07.798,11027,636,CI.WCS2
waveforms/CI_WHF.20190706T073014.11028.sac,2019-07-06T07:30:14.918,11028,636,CI.WHF
waveforms/CI_WMF.20190706T073009.11029.sac,2019-07-06T07:30:09.828,11029,636,CI.WMF
waveforms/CI_WOR.20190706T073013.11030.sac,2019-07-06T07:30:13.348,11030,636,CI.WOR
waveforms/CI_WRC2.20190706T073006.11031.sac,2019-07-06T07:30:06.558,11031,636,CI.WRC2
waveforms/CI_CCA.20190706T075014.11309.sac,2019-07-06T07:50:14.578,11309,654,CI.CCA
waveforms/CI_CLC.20190706T075004.11310.sac,2019-07-06T07:50:04.508,11310,654,CI.CLC
waveforms/CI_DAW.20190706T075012.11311.sac,2019-07-06T07:50:12.533,11311,654,CI.DAW
waveforms/CI_DTP.20190706T075011.11312.sac,2019-07-06T07:50:11.248,11312,654,CI.DTP
waveforms/CI_HAR.20190706T075016.11313.sac,2019-07-06T07:50:16.118,11313,654,CI.HAR
waveforms/CI_HYS.20190706T075017.11314.sac,2019-07-06T07:50:17.608,11314,654,CI.HYS
waveforms/CI_JRC2.20190706T075008.11315.sac,2019-07-06T07:50:08.778,11315,654,CI.JRC2
waveforms/CI_MPM.20190706T075008.11316.sac,2019-07-06T07:50:08.958,11316,654,CI.MPM
waveforms/CI_SLA.20190706T075007.11317.sac,2019-07-06T07:50:07.908,11317,654,CI.SLA
waveforms/CI_SRT.20190706T075005.11318.sac,2019-07-06T07:50:05.598,11318,654,CI.SRT
waveforms/CI_TEH.20190706T075017.11319.sac,2019-07-06T07:50:17.058,11319,654,CI.TEH
waveforms/CI_TOW2.20190706T075006.11320.sac,2019-07-06T07:50:06.428,11320,654,CI.TOW2
waveforms/CI_WAS2.20190706T075017.11321.sac,2019-07-06T07:50:17.288,11321,654,CI.WAS2
waveforms/CI_WBM.20190706T075008.11322.sac,2019-07-06T07:50:08.053,11322,654,CI.WBM
waveforms/CI_WBS.20190706T075011.11323.sac,2019-07-06T07:50:11.558,11323,654,CI.WBS
waveforms/CI_WCS2.20190706T075009.11324.sac,2019-07-06T07:50:09.158,11324,654,CI.WCS2
waveforms/CI_WHF.20190706T075014.11325.sac,2019-07-06T07:50:14.058,11325,654,CI.WHF
waveforms/CI_WMF.20190706T075011.11326.sac,2019-07-06T07:50:11.198,11326,654,CI.WMF
waveforms/CI_WOR.20190706T075012.11327.sac,2019-07-06T07:50:12.408,11327,654,CI.WOR
waveforms/CI_WRC2.20190706T075007.11328.sac,2019-07-06T07:50:07.158,11328,654,CI.WRC2
waveforms/NN_QSM.20190706T075013.11329.sac,2019-07-06T07:50:13.798,11329,654,NN.QSM
waveforms/CI_CGO.20190706T080608.11583.sac,2019-07-06T08:06:08.598,11583,667,CI.CGO
waveforms/CI_CWC.20190706T080607.11584.sac,2019-07-06T08:06:07.498,11584,667,CI.CWC
waveforms/CI_DAW.20190706T080603.11585.sac,2019-07-06T08:06:03.003,11585,667,CI.DAW
waveforms/CI_JRC2.20190706T080558.11586.sac,2019-07-06T08:05:58.148,11586,667,CI.JRC2
waveforms/CI_LDR.20190706T080613.11587.sac,2019-07-06T08:06:13.078,11587,667,CI.LDR
waveforms/CI_MPM.20190706T080600.11588.sac,2019-07-06T08:06:00.598,11588,667,CI.MPM
waveforms/CI_SPG2.20190706T080611.11589.sac,2019-07-06T08:06:11.878,11589,667,CI.SPG2
waveforms/CI_SRT.20190706T080559.11590.sac,2019-07-06T08:05:59.728,11590,667,CI.SRT
waveforms/CI_TEH.20190706T080609.11591.sac,2019-07-06T08:06:09.898,11591,667,CI.TEH
waveforms/CI_TOW2.20190706T080557.11592.sac,2019-07-06T08:05:57.988,11592,667,CI.TOW2
waveforms/CI_WAS2.20190706T080608.11593.sac,2019-07-06T08:06:08.418,11593,667,CI.WAS2
waveforms/CI_WBM.20190706T080601.11594.sac,2019-07-06T08:06:01.593,11594,667,CI.WBM
waveforms/CI_WBS.20190706T080604.11595.sac,2019-07-06T08:06:04.628,11595,667,CI.WBS
waveforms/CI_WCS2.20190706T080558.11596.sac,2019-07-06T08:05:58.468,11596,667,CI.WCS2
waveforms/CI_WHF.20190706T080605.11597.sac,2019-07-06T08:06:05.648,11597,667,CI.WHF
waveforms/CI_WMF.20190706T080600.11598.sac,2019-07-06T08:06:00.478,11598,667,CI.WMF
waveforms/CI_WOR.20190706T080604.11599.sac,2019-07-06T08:06:04.078,11599,667,CI.WOR
waveforms/CI_WRC2.20190706T080557.11600.sac,2019-07-06T08:05:57.688,11600,667,CI.WRC2
waveforms/NN_GWY.20190706T080609.11601.sac,2019-07-06T08:06:09.768,11601,667,NN.GWY
waveforms/CI_CGO.20190706T082705.11871.sac,2019-07-06T08:27:05.058,11871,684,CI.CGO
waveforms/CI_CLC.20190706T082655.11872.sac,2019-07-06T08:26:55.308,11872,684,CI.CLC
waveforms/CI_CWC.20190706T082704.11873.sac,2019-07-06T08:27:04.288,11873,684,CI.CWC
waveforms/CI_DAW.20190706T082659.11874.sac,2019-07-06T08:26:59.843,11874,684,CI.DAW
waveforms/CI_EDW2.20190706T082708.11875.sac,2019-07-06T08:27:08.178,11875,684,CI.EDW2
waveforms/CI_JRC2.20190706T082654.11876.sac,2019-07-06T08:26:54.958,11876,684,CI.JRC2
waveforms/CI_LDR.20190706T082710.11877.sac,2019-07-06T08:27:10.158,11877,684,CI.LDR
waveforms/CI_MPM.20190706T082657.11878.sac,2019-07-06T08:26:57.558,11878,684,CI.MPM
waveforms/CI_SLA.20190706T082658.11879.sac,2019-07-06T08:26:58.208,11879,684,CI.SLA
waveforms/CI_SPG2.20190706T082708.11880.sac,2019-07-06T08:27:08.908,11880,684,CI.SPG2
waveforms/CI_SRT.20190706T082656.11881.sac,2019-07-06T08:26:56.988,11881,684,CI.SRT
waveforms/CI_TEH.20190706T082707.11882.sac,2019-07-06T08:27:07.668,11882,684,CI.TEH
waveforms/CI_TOW2.20190706T082654.11883.sac,2019-07-06T08:26:54.998,11883,684,CI.TOW2
waveforms/CI_WAS2.20190706T082705.11884.sac,2019-07-06T08:27:05.668,11884,684,CI.WAS2
waveforms/CI_WBM.20190706T082658.11885.sac,2019-07-06T08:26:58.823,11885,684,CI.WBM
waveforms/CI_WBS.20190706T082701.11886.sac,2019-07-06T08:27:01.788,11886,684,CI.WBS
waveforms/CI_WCS2.20190706T082655.11887.sac,2019-07-06T08:26:55.358,11887,684,CI.WCS2
waveforms/CI_WHF.20190706T082702.11888.sac,2019-07-06T08:27:02.788,11888,684,CI.WHF
waveforms/CI_WMF.20190706T082657.11889.sac,2019-07-06T08:26:57.408,11889,684,CI.WMF
waveforms/CI_WOR.20190706T082701.11890.sac,2019-07-06T08:27:01.188,11890,684,CI.WOR
waveforms/CI_WRC2.20190706T082654.11891.sac,2019-07-06T08:26:54.558,11891,684,CI.WRC2
waveforms/NN_GWY.20190706T082707.11892.sac,2019-07-06T08:27:07.558,11892,684,NN.GWY
waveforms/CI_CCC.20190706T084053.12115.sac,2019-07-06T08:40:53.058,12115,699,CI.CCC
waveforms/CI_CGO.20190706T084058.12116.sac,2019-07-06T08:40:58.318,12116,699,CI.CGO
waveforms/CI_CLC.20190706T084048.12117.sac,2019-07-06T08:40:48.218,12117,699,CI.CLC
waveforms/CI_CWC.20190706T084057.12118.sac,2019-07-06T08:40:57.748,12118,699,CI.CWC
waveforms/CI_DAW.20190706T084052.12119.sac,2019-07-06T08:40:52.933,12119,699,CI.DAW
waveforms/CI_GSC.20190706T084102.12120.sac,2019-07-06T08:41:02.978,12120,699,CI.GSC
waveforms/CI_JRC2.20190706T084048.12121.sac,2019-07-06T08:40:48.358,12121,699,CI.JRC2
waveforms/CI_MPM.20190706T084050.12122.sac,2019-07-06T08:40:50.398,12122,699,CI.MPM
waveforms/CI_SPG2.20190706T084102.12123.sac,2019-07-06T08:41:02.218,12123,699,CI.SPG2
waveforms/CI_SRT.20190706T084050.12124.sac,2019-07-06T08:40:50.318,12124,699,CI.SRT
waveforms/CI_TEH.20190706T084101.12125.sac,2019-07-06T08:41:01.058,12125,699,CI.TEH
waveforms/CI_TOW2.20190706T084048.12126.sac,2019-07-06T08:40:48.378,12126,699,CI.TOW2
waveforms/CI_WAS2.20190706T084058.12127.sac,2019-07-06T08:40:58.938,12127,699,CI.WAS2
waveforms/CI_WBM.20190706T084052.12128.sac,2019-07-06T08:40:52.043,12128,699,CI.WBM
waveforms/CI_WBS.20190706T084055.12129.sac,2019-07-06T08:40:55.018,12129,699,CI.WBS
waveforms/CI_WCS2.20190706T084048.12130.sac,2019-07-06T08:40:48.538,12130,699,CI.WCS2
waveforms/CI_WMF.20190706T084050.12131.sac,2019-07-06T08:40:50.568,12131,699,CI.WMF
waveforms/CI_WOR.20190706T084054.12132.sac,2019-07-06T08:40:54.518,12132,699,CI.WOR
waveforms/CI_WRC2.20190706T084047.12133.sac,2019-07-06T08:40:47.548,12133,699,CI.WRC2
waveforms/CI_CCC.20190706T090416.12357.sac,2019-07-06T09:04:16.978,12357,713,CI.CCC
waveforms/CI_CLC.20190706T090412.12358.sac,2019-07-06T09:04:12.418,12358,713,CI.CLC
waveforms/CI_CWC.20190706T090424.12359.sac,2019-07-06T09:04:24.048,12359,713,CI.CWC
waveforms/CI_DAW.20190706T090419.12360.sac,2019-07-06T09:04:19.073,12360,713,CI.DAW
waveforms/CI_JRC2.20190706T090414.12361.sac,2019-07-06T09:04:14.268,12361,713,CI.JRC2
waveforms/CI_MPM.20190706T090416.12362.sac,2019-07-06T09:04:16.048,12362,713,CI.MPM
waveforms/CI_SRT.20190706T090414.12363.sac,2019-07-06T09:04:14.318,12363,713,CI.SRT
waveforms/CI_TOW2.20190706T090413.12364.sac,2019-07-06T09:04:13.758,12364,713,CI.TOW2
waveforms/CI_WBM.20190706T090416.12365.sac,2019-07-06T09:04:16.593,12365,713,CI.WBM
waveforms/CI_WCS2.20190706T090414.12366.sac,2019-07-06T09:04:14.088,12366,713,CI.WCS2
waveforms/CI_WMF.20190706T090416.12367.sac,2019-07-06T09:04:16.668,12367,713,CI.WMF
waveforms/CI_WOR.20190706T090420.12368.sac,2019-07-06T09:04:20.818,12368,713,CI.WOR
waveforms/CI_WRC2.20190706T090412.12369.sac,2019-07-06T09:04:12.988,12369,713,CI.WRC2
waveforms/CI_CCA.20190706T092113.12628.sac,2019-07-06T09:21:13.408,12628,726,CI.CCA
waveforms/CI_CCC.20190706T092108.12629.sac,2019-07-06T09:21:08.298,12629,726,CI.CCC
waveforms/CI_CLC.20190706T092101.12630.sac,2019-07-06T09:21:01.838,12630,726,CI.CLC
waveforms/CI_CWC.20190706T092111.12631.sac,2019-07-06T09:21:11.498,12631,726,CI.CWC
waveforms/CI_DAW.20190706T092107.12632.sac,2019-07-06T09:21:07.053,12632,726,CI.DAW
waveforms/CI_DTP.20190706T092110.12633.sac,2019-07-06T09:21:10.528,12633,726,CI.DTP
waveforms/CI_HYS.20190706T092117.12634.sac,2019-07-06T09:21:17.888,12634,726,CI.HYS
waveforms/CI_JRC2.20190706T092102.12635.sac,2019-07-06T09:21:02.188,12635,726,CI.JRC2
waveforms/CI_LMR2.20190706T092116.12636.sac,2019-07-06T09:21:16.438,12636,726,CI.LMR2
waveforms/CI_MPM.20190706T092104.12637.sac,2019-07-06T09:21:04.458,12637,726,CI.MPM
waveforms/CI_SLA.20190706T092106.12638.sac,2019-07-06T09:21:06.108,12638,726,CI.SLA
waveforms/CI_SPG2.20190706T092115.12639.sac,2019-07-06T09:21:15.678,12639,726,CI.SPG2
waveforms/CI_SRT.20190706T092103.12640.sac,2019-07-06T09:21:03.368,12640,726,CI.SRT
waveforms/CI_TEH.20190706T092114.12641.sac,2019-07-06T09:21:14.078,12641,726,CI.TEH
waveforms/CI_TOW2.20190706T092101.12642.sac,2019-07-06T09:21:01.668,12642,726,CI.TOW2
waveforms/CI_WAS2.20190706T092112.12643.sac,2019-07-06T09:21:12.228,12643,726,CI.WAS2
waveforms/CI_WBM.20190706T092105.12644.sac,2019-07-06T09:21:05.243,12644,726,CI.WBM
waveforms/CI_WBS.20190706T092108.12645.sac,2019-07-06T09:21:08.308,12645,726,CI.WBS
waveforms/CI_WCS2.20190706T092102.12646.sac,2019-07-06T09:21:02.528,12646,726,CI.WCS2
waveforms/CI_WHF.20190706T092109.12647.sac,2019-07-06T09:21:09.398,12647,726,CI.WHF
waveforms/CI_WMF.20190706T092104.12648.sac,2019-07-06T09:21:04.518,12648,726,CI.WMF
waveforms/CI_WOR.20190706T092107.12649.sac,2019-07-06T09:21:07.838,12649,726,CI.WOR
waveforms/CI_WRC2.20190706T092101.12650.sac,2019-07-06T09:21:01.598,12650,726,CI.WRC2
waveforms/CI_CCA.20190706T093845.12910.sac,2019-07-06T09:38:45.898,12910,741,CI.CCA
waveforms/CI_CCC.20190706T093838.12911.sac,2019-07-06T09:38:38.398,12911,741,CI.CCC
waveforms/CI_CLC.20190706T093838.12912.sac,2019-07-06T09:38:38.118,12912,741,CI.CLC
waveforms/CI_DAW.20190706T093844.12913.sac,2019-07-06T09:38:44.763,12913,741,CI.DAW
waveforms/CI_DTP.20190706T093843.12914.sac,2019-07-06T09:38:43.168,12914,741,CI.DTP
waveforms/CI_GSC.20190706T093846.12915.sac,2019-07-06T09:38:46.578,12915,741,CI.GSC
waveforms/CI_HAR.20190706T093846.12916.sac,2019-07-06T09:38:46.738,12916,741,CI.HAR
waveforms/CI_HYS.20190706T093849.12917.sac,2019-07-06T09:38:49.248,12917,741,CI.HYS
waveforms/CI_JRC2.20190706T093842.12918.sac,2019-07-06T09:38:42.838,12918,741,CI.JRC2
waveforms/CI_MPM.20190706T093841.12919.sac,2019-07-06T09:38:41.698,12919,741,CI.MPM
waveforms/CI_SLA.20190706T093839.12920.sac,2019-07-06T09:38:39.688,12920,741,CI.SLA
waveforms/CI_WBM.20190706T093842.12921.sac,2019-07-06T09:38:42.103,12921,741,CI.WBM
waveforms/CI_WRC2.20190706T093840.12922.sac,2019-07-06T09:38:40.778,12922,741,CI.WRC2
waveforms/NN_QSM.20190706T093845.12923.sac,2019-07-06T09:38:45.278,12923,741,NN.QSM
waveforms/CI_CCC.20190706T095234.13149.sac,2019-07-06T09:52:34.128,13149,754,CI.CCC
waveforms/CI_CGO.20190706T095240.13150.sac,2019-07-06T09:52:40.928,13150,754,CI.CGO
waveforms/CI_CLC.20190706T095227.13151.sac,2019-07-06T09:52:27.638,13151,754,CI.CLC
waveforms/CI_CWC.20190706T095240.13152.sac,2019-07-06T09:52:40.658,13152,754,CI.CWC
waveforms/CI_DAW.20190706T095234.13153.sac,2019-07-06T09:52:34.163,13153,754,CI.DAW
waveforms/CI_DTP.20190706T095240.13154.sac,2019-07-06T09:52:40.078,13154,754,CI.DTP
waveforms/CI_FUR.20190706T095241.13155.sac,2019-07-06T09:52:41.878,13155,754,CI.FUR
waveforms/CI_HAR.20190706T095241.13156.sac,2019-07-06T09:52:41.448,13156,754,CI.HAR
waveforms/CI_JRC2.20190706T095230.13157.sac,2019-07-06T09:52:30.428,13157,754,CI.JRC2
waveforms/CI_MPM.20190706T095230.13158.sac,2019-07-06T09:52:30.948,13158,754,CI.MPM
waveforms/CI_TEH.20190706T095242.13159.sac,2019-07-06T09:52:42.618,13159,754,CI.TEH
waveforms/CI_WBM.20190706T095233.13160.sac,2019-07-06T09:52:33.693,13160,754,CI.WBM
waveforms/CI_WBS.20190706T095236.13161.sac,2019-07-06T09:52:36.278,13161,754,CI.WBS
waveforms/CI_WCS2.20190706T095230.13162.sac,2019-07-06T09:52:30.338,13162,754,CI.WCS2
waveforms/CI_WHF.20190706T095238.13163.sac,2019-07-06T09:52:38.218,13163,754,CI.WHF
waveforms/CI_WMF.20190706T095233.13164.sac,2019-07-06T09:52:33.058,13164,754,CI.WMF
waveforms/CI_WOR.20190706T095236.13165.sac,2019-07-06T09:52:36.518,13165,754,CI.WOR
waveforms/CI_WRC2.20190706T095228.13166.sac,2019-07-06T09:52:28.328,13166,754,CI.WRC2
waveforms/CI_CCA.20190706T100335.13380.sac,2019-07-06T10:03:35.178,13380,767,CI.CCA
waveforms/CI_CCC.20190706T100325.13381.sac,2019-07-06T10:03:25.828,13381,767,CI.CCC
waveforms/CI_DAW.20190706T100335.13382.sac,2019-07-06T10:03:35.653,13382,767,CI.DAW
waveforms/CI_DTP.20190706T100331.13383.sac,2019-07-06T10:03:31.728,13383,767,CI.DTP
waveforms/CI_GSC.20190706T100334.13384.sac,2019-07-06T10:03:34.418,13384,767,CI.GSC
waveforms/CI_HAR.20190706T100334.13385.sac,2019-07-06T10:03:34.378,13385,767,CI.HAR
waveforms/CI_HYS.20190706T100337.13386.sac,2019-07-06T10:03:37.188,13386,767,CI.HYS
waveforms/CI_JRC2.20190706T100331.13387.sac,2019-07-06T10:03:31.178,13387,767,CI.JRC2
waveforms/CI_LMR2.20190706T100336.13388.sac,2019-07-06T10:03:36.118,13388,767,CI.LMR2
waveforms/CI_MPM.20190706T100330.13389.sac,2019-07-06T10:03:30.128,13389,767,CI.MPM
waveforms/CI_SLA.20190706T100327.13390.sac,2019-07-06T10:03:27.888,13390,767,CI.SLA
waveforms/CI_TEH.20190706T100338.13391.sac,2019-07-06T10:03:38.478,13391,767,CI.TEH
waveforms/CI_TOW2.20190706T100327.13392.sac,2019-07-06T10:03:27.778,13392,767,CI.TOW2
waveforms/CI_WBM.20190706T100327.13393.sac,2019-07-06T10:03:27.613,13393,767,CI.WBM
waveforms/CI_WBS.20190706T100333.13394.sac,2019-07-06T10:03:33.618,13394,767,CI.WBS
waveforms/CI_WRC2.20190706T100328.13395.sac,2019-07-06T10:03:28.938,13395,767,CI.WRC2
waveforms/NN_QSM.20190706T100333.13396.sac,2019-07-06T10:03:33.458,13396,767,NN.QSM
waveforms/CI_CCC.20190706T102305.13648.sac,2019-07-06T10:23:05.018,13648,780,CI.CCC
waveforms/CI_CGO.20190706T102308.13649.sac,2019-07-06T10:23:08.858,13649,780,CI.CGO
waveforms/CI_CLC.20190706T102258.13650.sac,2019-07-06T10:22:58.128,13650,780,CI.CLC
waveforms/CI_CWC.20190706T102308.13651.sac,2019-07-06T10:23:08.538,13651,780,CI.CWC
waveforms/CI_DAW.20190706T102302.13652.sac,2019-07-06T10:23:02.683,13652,780,CI.DAW
waveforms/CI_DTP.20190706T102307.13653.sac,2019-07-06T10:23:07.448,13653,780,CI.DTP
waveforms/CI_JRC2.20190706T102258.13654.sac,2019-07-06T10:22:58.638,13654,780,CI.JRC2
waveforms/CI_MPM.20190706T102300.13655.sac,2019-07-06T10:23:00.938,13655,780,CI.MPM
waveforms/CI_SLA.20190706T102302.13656.sac,2019-07-06T10:23:02.648,13656,780,CI.SLA
waveforms/CI_SPG2.20190706T102312.13657.sac,2019-07-06T10:23:12.678,13657,780,CI.SPG2
waveforms/CI_SRT.20190706T102300.13658.sac,2019-07-06T10:23:00.008,13658,780,CI.SRT
waveforms/CI_TEH.20190706T102310.13659.sac,2019-07-06T10:23:10.978,13659,780,CI.TEH
waveforms/CI_TOW2.20190706T102257.13660.sac,2019-07-06T10:22:57.998,13660,780,CI.TOW2
waveforms/CI_WBM.20190706T102301.13661.sac,2019-07-06T10:23:01.973,13661,780,CI.WBM
waveforms/CI_WBS.20190706T102305.13662.sac,2019-07-06T10:23:05.068,13662,780,CI.WBS
waveforms/CI_WCS2.20190706T102258.13663.sac,2019-07-06T10:22:58.958,13663,780,CI.WCS2
waveforms/CI_WMF.20190706T102259.13664.sac,2019-07-06T10:22:59.538,13664,780,CI.WMF
waveforms/CI_WOR.20190706T102304.13665.sac,2019-07-06T10:23:04.488,13665,780,CI.WOR
waveforms/CI_WRC2.20190706T102257.13666.sac,2019-07-06T10:22:57.778,13666,780,CI.WRC2
waveforms/NN_QSM.20190706T102308.13667.sac,2019-07-06T10:23:08.978,13667,780,NN.QSM
waveforms/CI_CCC.20190706T103840.13872.sac,2019-07-06T10:38:40.928,13872,791,CI.CCC
waveforms/CI_CGO.20190706T103843.13873.sac,2019-07-06T10:38:43.418,13873,791,CI.CGO
waveforms/CI_CLC.20190706T103834.13874.sac,2019-07-06T10:38:34.248,13874,791,CI.CLC
waveforms/CI_CWC.20190706T103842.13875.sac,2019-07-06T10:38:42.998,13875,791,CI.CWC
waveforms/CI_DAW.20190706T103838.13876.sac,2019-07-06T10:38:38.513,13876,791,CI.DAW
waveforms/CI_DTP.20190706T103843.13877.sac,2019-07-06T10:38:43.858,13877,791,CI.DTP
waveforms/CI_GSC.20190706T103849.13878.sac,2019-07-06T10:38:49.098,13878,791,CI.GSC
waveforms/CI_JRC2.20190706T103833.13879.sac,2019-07-06T10:38:33.528,13879,791,CI.JRC2
waveforms/CI_MPM.20190706T103836.13880.sac,2019-07-06T10:38:36.158,13880,791,CI.MPM
waveforms/CI_SLA.20190706T103838.13881.sac,2019-07-06T10:38:38.348,13881,791,CI.SLA
waveforms/CI_SPG2.20190706T103847.13882.sac,2019-07-06T10:38:47.438,13882,791,CI.SPG2
waveforms/CI_SRT.20190706T103835.13883.sac,2019-07-06T10:38:35.998,13883,791,CI.SRT
waveforms/CI_TEH.20190706T103846.13884.sac,2019-07-06T10:38:46.558,13884,791,CI.TEH
waveforms/CI_TOW2.20190706T103834.13885.sac,2019-07-06T10:38:34.008,13885,791,CI.TOW2
waveforms/CI_WAS2.20190706T103844.13886.sac,2019-07-06T10:38:44.278,13886,791,CI.WAS2
waveforms/CI_WBM.20190706T103837.13887.sac,2019-07-06T10:38:37.753,13887,791,CI.WBM
waveforms/CI_WBS.20190706T103840.13888.sac,2019-07-06T10:38:40.688,13888,791,CI.WBS
waveforms/CI_WCS2.20190706T103833.13889.sac,2019-07-06T10:38:33.788,13889,791,CI.WCS2
waveforms/CI_WHF.20190706T103841.13890.sac,2019-07-06T10:38:41.528,13890,791,CI.WHF
waveforms/CI_WMF.20190706T103835.13891.sac,2019-07-06T10:38:35.848,13891,791,CI.WMF
waveforms/CI_WOR.20190706T103839.13892.sac,2019-07-06T10:38:39.968,13892,791,CI.WOR
waveforms/CI_WRC2.20190706T103833.13893.sac,2019-07-06T10:38:33.248,13893,791,CI.WRC2
waveforms/NN_QSM.20190706T103844.13894.sac,2019-07-06T10:38:44.698,13894,791,NN.QSM
waveforms/CI_CCA.20190706T110242.14126.sac,2019-07-06T11:02:42.968,14126,803,CI.CCA
waveforms/CI_CCC.20190706T110235.14127.sac,2019-07-06T11:02:35.108,14127,803,CI.CCC
waveforms/CI_CLC.20190706T110233.14128.sac,2019-07-06T11:02:33.918,14128,803,CI.CLC
waveforms/CI_CWC.20190706T110245.14129.sac,2019-07-06T11:02:45.278,14129,803,CI.CWC
waveforms/CI_DTP.20190706T110239.14130.sac,2019-07-06T11:02:39.558,14130,803,CI.DTP
waveforms/CI_GSC.20190706T110243.14131.sac,2019-07-06T11:02:43.568,14131,803,CI.GSC
waveforms/CI_HAR.20190706T110243.14132.sac,2019-07-06T11:02:43.268,14132,803,CI.HAR
waveforms/CI_HYS.20190706T110245.14133.sac,2019-07-06T11:02:45.478,14133,803,CI.HYS
waveforms/CI_JRC2.20190706T110237.14134.sac,2019-07-06T11:02:37.058,14134,803,CI.JRC2
waveforms/CI_LMR2.20190706T110244.14135.sac,2019-07-06T11:02:44.398,14135,803,CI.LMR2
waveforms/CI_MPM.20190706T110237.14136.sac,2019-07-06T11:02:37.878,14136,803,CI.MPM
waveforms/CI_SLA.20190706T110236.14137.sac,2019-07-06T11:02:36.328,14137,803,CI.SLA
waveforms/CI_SPG2.20190706T110249.14138.sac,2019-07-06T11:02:49.528,14138,803,CI.SPG2
waveforms/CI_SRT.20190706T110234.14139.sac,2019-07-06T11:02:34.818,14139,803,CI.SRT
waveforms/CI_TEH.20190706T110245.14140.sac,2019-07-06T11:02:45.548,14140,803,CI.TEH
waveforms/CI_TOW2.20190706T110236.14141.sac,2019-07-06T11:02:36.158,14141,803,CI.TOW2
waveforms/CI_WAS2.20190706T110246.14142.sac,2019-07-06T11:02:46.238,14142,803,CI.WAS2
waveforms/CI_WBM.20190706T110236.14143.sac,2019-07-06T11:02:36.973,14143,803,CI.WBM
waveforms/CI_WBS.20190706T110240.14144.sac,2019-07-06T11:02:40.378,14144,803,CI.WBS
waveforms/CI_WCS2.20190706T110236.14145.sac,2019-07-06T11:02:36.248,14145,803,CI.WCS2
waveforms/CI_WHF.20190706T110243.14146.sac,2019-07-06T11:02:43.038,14146,803,CI.WHF
waveforms/CI_WOR.20190706T110241.14147.sac,2019-07-06T11:02:41.428,14147,803,CI.WOR
waveforms/CI_WRC2.20190706T110237.14148.sac,2019-07-06T11:02:37.528,14148,803,CI.WRC2
waveforms/NN_QSM.20190706T110242.14149.sac,2019-07-06T11:02:42.088,14149,803,NN.QSM
waveforms/CI_CCA.20190706T112435.14399.sac,2019-07-06T11:24:35.938,14399,816,CI.CCA
waveforms/CI_CCC.20190706T112429.14400.sac,2019-07-06T11:24:29.238,14400,816,CI.CCC
waveforms/CI_CGO.20190706T112433.14401.sac,2019-07-06T11:24:33.808,14401,816,CI.CGO
waveforms/CI_CLC.20190706T112424.14402.sac,2019-07-06T11:24:24.178,14402,816,CI.CLC
waveforms/CI_CWC.20190706T112433.14403.sac,2019-07-06T11:24:33.598,14403,816,CI.CWC
waveforms/CI_DAW.20190706T112428.14404.sac,2019-07-06T11:24:28.073,14404,816,CI.DAW
waveforms/CI_DTP.20190706T112433.14405.sac,2019-07-06T11:24:33.208,14405,816,CI.DTP
waveforms/CI_GSC.20190706T112437.14406.sac,2019-07-06T11:24:37.658,14406,816,CI.GSC
waveforms/CI_JRC2.20190706T112423.14407.sac,2019-07-06T11:24:23.868,14407,816,CI.JRC2
waveforms/CI_LDR.20190706T112440.14408.sac,2019-07-06T11:24:40.418,14408,816,CI.LDR
waveforms/CI_LMR2.20190706T112439.14409.sac,2019-07-06T11:24:39.138,14409,816,CI.LMR2
waveforms/CI_MPM.20190706T112426.14410.sac,2019-07-06T11:24:26.468,14410,816,CI.MPM
waveforms/CI_SLA.20190706T112428.14411.sac,2019-07-06T11:24:28.488,14411,816,CI.SLA
waveforms/CI_SPG2.20190706T112437.14412.sac,2019-07-06T11:24:37.838,14412,816,CI.SPG2
waveforms/CI_SRT.20190706T112425.14413.sac,2019-07-06T11:24:25.768,14413,816,CI.SRT
waveforms/CI_TEH.20190706T112436.14414.sac,2019-07-06T11:24:36.558,14414,816,CI.TEH
waveforms/CI_TOW2.20190706T112423.14415.sac,2019-07-06T11:24:23.928,14415,816,CI.TOW2
waveforms/CI_WAS2.20190706T112434.14416.sac,2019-07-06T11:24:34.548,14416,816,CI.WAS2
waveforms/CI_WBM.20190706T112427.14417.sac,2019-07-06T11:24:27.713,14417,816,CI.WBM
waveforms/CI_WBS.20190706T112430.14418.sac,2019-07-06T11:24:30.658,14418,816,CI.WBS
waveforms/CI_WCS2.20190706T112424.14419.sac,2019-07-06T11:24:24.138,14419,816,CI.WCS2
waveforms/CI_WHF.20190706T112431.14420.sac,2019-07-06T11:24:31.768,14420,816,CI.WHF
waveforms/CI_WMF.20190706T112426.14421.sac,2019-07-06T11:24:26.218,14421,816,CI.WMF
waveforms/CI_WOR.20190706T112429.14422.sac,2019-07-06T11:24:29.678,14422,816,CI.WOR
waveforms/CI_WRC2.20190706T112423.14423.sac,2019-07-06T11:24:23.398,14423,816,CI.WRC2
waveforms/NN_GWY.20190706T112438.14424.sac,2019-07-06T11:24:38.658,14424,816,NN.GWY
waveforms/NN_QSM.20190706T112435.14425.sac,2019-07-06T11:24:35.448,14425,816,NN.QSM
waveforms/CI_CCA.20190706T115508.14687.sac,2019-07-06T11:55:08.678,14687,830,CI.CCA
waveforms/CI_CCC.20190706T115503.14688.sac,2019-07-06T11:55:03.698,14688,830,CI.CCC
waveforms/CI_CGO.20190706T115506.14689.sac,2019-07-06T11:55:06.638,14689,830,CI.CGO
waveforms/CI_CLC.20190706T115456.14690.sac,2019-07-06T11:54:56.238,14690,830,CI.CLC
waveforms/CI_CWC.20190706T115505.14691.sac,2019-07-06T11:55:05.758,14691,830,CI.CWC
waveforms/CI_DAW.20190706T115501.14692.sac,2019-07-06T11:55:01.953,14692,830,CI.DAW
waveforms/CI_DTP.20190706T115505.14693.sac,2019-07-06T11:55:05.998,14693,830,CI.DTP
waveforms/CI_HAR.20190706T115511.14694.sac,2019-07-06T11:55:11.638,14694,830,CI.HAR
waveforms/CI_HYS.20190706T115512.14695.sac,2019-07-06T11:55:12.698,14695,830,CI.HYS
waveforms/CI_JRC2.20190706T115456.14696.sac,2019-07-06T11:54:56.368,14696,830,CI.JRC2
waveforms/CI_LMR2.20190706T115511.14697.sac,2019-07-06T11:55:11.808,14697,830,CI.LMR2
waveforms/CI_MPM.20190706T115459.14698.sac,2019-07-06T11:54:59.148,14698,830,CI.MPM
waveforms/CI_SLA.20190706T115501.14699.sac,2019-07-06T11:55:01.278,14699,830,CI.SLA
waveforms/CI_SPG2.20190706T115510.14700.sac,2019-07-06T11:55:10.488,14700,830,CI.SPG2
waveforms/CI_SRT.20190706T115458.14701.sac,2019-07-06T11:54:58.548,14701,830,CI.SRT
waveforms/CI_TEH.20190706T115509.14702.sac,2019-07-06T11:55:09.308,14702,830,CI.TEH
waveforms/CI_TOW2.20190706T115456.14703.sac,2019-07-06T11:54:56.388,14703,830,CI.TOW2
waveforms/CI_WAS2.20190706T115507.14704.sac,2019-07-06T11:55:07.118,14704,830,CI.WAS2
waveforms/CI_WBM.20190706T115500.14705.sac,2019-07-06T11:55:00.403,14705,830,CI.WBM
waveforms/CI_WBS.20190706T115503.14706.sac,2019-07-06T11:55:03.418,14706,830,CI.WBS
waveforms/CI_WCS2.20190706T115456.14707.sac,2019-07-06T11:54:56.718,14707,830,CI.WCS2
waveforms/CI_WHF.20190706T115504.14708.sac,2019-07-06T11:55:04.318,14708,830,CI.WHF
waveforms/CI_WMF.20190706T115458.14709.sac,2019-07-06T11:54:58.838,14709,830,CI.WMF
waveforms/CI_WOR.20190706T115502.14710.sac,2019-07-06T11:55:02.748,14710,830,CI.WOR
waveforms/CI_WRC2.20190706T115455.14711.sac,2019-07-06T11:54:55.948,14711,830,CI.WRC2
waveforms/NN_QSM.20190706T115508.14712.sac,2019-07-06T11:55:08.348,14712,830,NN.QSM
waveforms/CI_CCA.20190706T121249.14928.sac,2019-07-06T12:12:49.048,14928,843,CI.CCA
waveforms/CI_CCC.20190706T121242.14929.sac,2019-07-06T12:12:42.288,14929,843,CI.CCC
waveforms/CI_CGO.20190706T121250.14930.sac,2019-07-06T12:12:50.698,14930,843,CI.CGO
waveforms/CI_CLC.20190706T121237.14931.sac,2019-07-06T12:12:37.358,14931,843,CI.CLC
waveforms/CI_DAW.20190706T121244.14932.sac,2019-07-06T12:12:44.993,14932,843,CI.DAW
waveforms/CI_DTP.20190706T121245.14933.sac,2019-07-06T12:12:45.828,14933,843,CI.DTP
waveforms/CI_GSC.20190706T121250.14934.sac,2019-07-06T12:12:50.638,14934,843,CI.GSC
waveforms/CI_JRC2.20190706T121241.14935.sac,2019-07-06T12:12:41.258,14935,843,CI.JRC2
waveforms/CI_MPM.20190706T121241.14936.sac,2019-07-06T12:12:41.578,14936,843,CI.MPM
waveforms/CI_SLA.20190706T121241.14937.sac,2019-07-06T12:12:41.648,14937,843,CI.SLA
waveforms/CI_SRT.20190706T121239.14938.sac,2019-07-06T12:12:39.288,14938,843,CI.SRT
waveforms/CI_TEH.20190706T121250.14939.sac,2019-07-06T12:12:50.758,14939,843,CI.TEH
waveforms/CI_TOW2.20190706T121239.14940.sac,2019-07-06T12:12:39.238,14940,843,CI.TOW2
waveforms/CI_WBM.20190706T121241.14941.sac,2019-07-06T12:12:41.803,14941,843,CI.WBM
waveforms/CI_WBS.20190706T121245.14942.sac,2019-07-06T12:12:45.248,14942,843,CI.WBS
waveforms/CI_WCS2.20190706T121241.14943.sac,2019-07-06T12:12:41.488,14943,843,CI.WCS2
waveforms/CI_WHF.20190706T121247.14944.sac,2019-07-06T12:12:47.318,14944,843,CI.WHF
waveforms/CI_WMF.20190706T121243.14945.sac,2019-07-06T12:12:43.528,14945,843,CI.WMF
waveforms/CI_WOR.20190706T121245.14946.sac,2019-07-06T12:12:45.708,14946,843,CI.WOR
waveforms/CI_WRC2.20190706T121239.14947.sac,2019-07-06T12:12:39.538,14947,843,CI.WRC2
waveforms/NN_GWY.20190706T121250.14948.sac,2019-07-06T12:12:50.698,14948,843,NN.GWY
waveforms/CI_CCC.20190706T124447.15200.sac,2019-07-06T12:44:47.268,15200,856,CI.CCC
waveforms/CI_CLC.20190706T124447.15201.sac,2019-07-06T12:44:47.288,15201,856,CI.CLC
waveforms/CI_CWC.20190706T124458.15202.sac,2019-07-06T12:44:58.768,15202,856,CI.CWC
waveforms/CI_GSC.20190706T124455.15203.sac,2019-07-06T12:44:55.818,15203,856,CI.GSC
waveforms/CI_HAR.20190706T124456.15204.sac,2019-07-06T12:44:56.018,15204,856,CI.HAR
waveforms/CI_HYS.20190706T124457.15205.sac,2019-07-06T12:44:57.678,15205,856,CI.HYS
waveforms/CI_JRC2.20190706T124453.15206.sac,2019-07-06T12:44:53.528,15206,856,CI.JRC2
waveforms/CI_LMR2.20190706T124456.15207.sac,2019-07-06T12:44:56.418,15207,856,CI.LMR2
waveforms/CI_MPM.20190706T124452.15208.sac,2019-07-06T12:44:52.368,15208,856,CI.MPM
waveforms/CI_SLA.20190706T124449.15209.sac,2019-07-06T12:44:49.958,15209,856,CI.SLA
waveforms/CI_TEH.20190706T124500.15210.sac,2019-07-06T12:45:00.498,15210,856,CI.TEH
waveforms/CI_TOW2.20190706T124450.15211.sac,2019-07-06T12:44:50.938,15211,856,CI.TOW2
waveforms/CI_WAS2.20190706T124501.15212.sac,2019-07-06T12:45:01.628,15212,856,CI.WAS2
waveforms/CI_WMF.20190706T124455.15213.sac,2019-07-06T12:44:55.578,15213,856,CI.WMF
waveforms/CI_WOR.20190706T124456.15214.sac,2019-07-06T12:44:56.828,15214,856,CI.WOR
waveforms/CI_WRC2.20190706T124451.15215.sac,2019-07-06T12:44:51.358,15215,856,CI.WRC2
waveforms/NN_QSM.20190706T124455.15216.sac,2019-07-06T12:44:55.808,15216,856,NN.QSM
waveforms/CI_CCA.20190706T131753.15459.sac,2019-07-06T13:17:53.838,15459,868,CI.CCA
waveforms/CI_CCC.20190706T131748.15460.sac,2019-07-06T13:17:48.498,15460,868,CI.CCC
waveforms/CI_CLC.20190706T131742.15461.sac,2019-07-06T13:17:42.078,15461,868,CI.CLC
waveforms/CI_CWC.20190706T131751.15462.sac,2019-07-06T13:17:51.878,15462,868,CI.CWC
waveforms/CI_DAW.20190706T131746.15463.sac,2019-07-06T13:17:46.963,15463,868,CI.DAW
waveforms/CI_DTP.20190706T131751.15464.sac,2019-07-06T13:17:51.188,15464,868,CI.DTP
waveforms/CI_GSC.20190706T131756.15465.sac,2019-07-06T13:17:56.598,15465,868,CI.GSC
waveforms/CI_JRC2.20190706T131742.15466.sac,2019-07-06T13:17:42.638,15466,868,CI.JRC2
waveforms/CI_MPM.20190706T131744.15467.sac,2019-07-06T13:17:44.438,15467,868,CI.MPM
waveforms/CI_SLA.20190706T131746.15468.sac,2019-07-06T13:17:46.118,15468,868,CI.SLA
waveforms/CI_SPG2.20190706T131756.15469.sac,2019-07-06T13:17:56.368,15469,868,CI.SPG2
waveforms/CI_SRT.20190706T131743.15470.sac,2019-07-06T13:17:43.918,15470,868,CI.SRT
waveforms/CI_TEH.20190706T131754.15471.sac,2019-07-06T13:17:54.708,15471,868,CI.TEH
waveforms/CI_TOW2.20190706T131742.15472.sac,2019-07-06T13:17:42.298,15472,868,CI.TOW2
waveforms/CI_WAS2.20190706T131752.15473.sac,2019-07-06T13:17:52.858,15473,868,CI.WAS2
waveforms/CI_WBM.20190706T131745.15474.sac,2019-07-06T13:17:45.873,15474,868,CI.WBM
waveforms/CI_WBS.20190706T131748.15475.sac,2019-07-06T13:17:48.948,15475,868,CI.WBS
waveforms/CI_WCS2.20190706T131742.15476.sac,2019-07-06T13:17:42.818,15476,868,CI.WCS2
waveforms/CI_WHF.20190706T131750.15477.sac,2019-07-06T13:17:50.068,15477,868,CI.WHF
waveforms/CI_WMF.20190706T131744.15478.sac,2019-07-06T13:17:44.788,15478,868,CI.WMF
waveforms/CI_WOR.20190706T131748.15479.sac,2019-07-06T13:17:48.518,15479,868,CI.WOR
waveforms/CI_WRC2.20190706T131741.15480.sac,2019-07-06T13:17:41.858,15480,868,CI.WRC2
waveforms/NN_QSM.20190706T131752.15481.sac,2019-07-06T13:17:52.658,15481,868,NN.QSM
waveforms/CI_CCA.20190706T134155.15764.sac,2019-07-06T13:41:55.078,15764,883,CI.CCA
waveforms/CI_CCC.20190706T134145.15765.sac,2019-07-06T13:41:45.118,15765,883,CI.CCC
waveforms/CI_CLC.20190706T134147.15766.sac,2019-07-06T13:41:47.828,15766,883,CI.CLC
waveforms/CI_DAW.20190706T134155.15767.sac,2019-07-06T13:41:55.853,15767,883,CI.DAW
waveforms/CI_DTP.20190706T134151.15768.sac,2019-07-06T13:41:51.558,15768,883,CI.DTP
waveforms/CI_EDW2.20190706T134158.15769.sac,2019-07-06T13:41:58.248,15769,883,CI.EDW2
waveforms/CI_GSC.20190706T134153.15770.sac,2019-07-06T13:41:53.678,15770,883,CI.GSC
waveforms/CI_HAR.20190706T134153.15771.sac,2019-07-06T13:41:53.508,15771,883,CI.HAR
waveforms/CI_HYS.20190706T134156.15772.sac,2019-07-06T13:41:56.308,15772,883,CI.HYS
waveforms/CI_JRC2.20190706T134152.15773.sac,2019-07-06T13:41:52.328,15773,883,CI.JRC2
waveforms/CI_LMR2.20190706T134155.15774.sac,2019-07-06T13:41:55.518,15774,883,CI.LMR2
waveforms/CI_MPM.20190706T134151.15775.sac,2019-07-06T13:41:51.468,15775,883,CI.MPM
waveforms/CI_SLA.20190706T134148.15776.sac,2019-07-06T13:41:48.988,15776,883,CI.SLA
waveforms/CI_SRT.20190706T134148.15777.sac,2019-07-06T13:41:48.598,15777,883,CI.SRT
waveforms/CI_TEH.20190706T134158.15778.sac,2019-07-06T13:41:58.388,15778,883,CI.TEH
waveforms/CI_TOW2.20190706T134149.15779.sac,2019-07-06T13:41:49.848,15779,883,CI.TOW2
waveforms/CI_WBM.20190706T134150.15780.sac,2019-07-06T13:41:50.443,15780,883,CI.WBM
waveforms/CI_WBS.20190706T134153.15781.sac,2019-07-06T13:41:53.698,15781,883,CI.WBS
waveforms/CI_WCS2.20190706T134152.15782.sac,2019-07-06T13:41:52.288,15782,883,CI.WCS2
waveforms/CI_WHF.20190706T134156.15783.sac,2019-07-06T13:41:56.728,15783,883,CI.WHF
waveforms/CI_WMF.20190706T134154.15784.sac,2019-07-06T13:41:54.598,15784,883,CI.WMF
waveforms/CI_WOR.20190706T134155.15785.sac,2019-07-06T13:41:55.168,15785,883,CI.WOR
waveforms/CI_WRC2.20190706T134150.15786.sac,2019-07-06T13:41:50.408,15786,883,CI.WRC2
waveforms/NN_QSM.20190706T134153.15787.sac,2019-07-06T13:41:53.888,15787,883,NN.QSM
waveforms/CI_CCA.20190706T141156.16036.sac,2019-07-06T14:11:56.338,16036,897,CI.CCA
waveforms/CI_CCC.20190706T141146.16037.sac,2019-07-06T14:11:46.758,16037,897,CI.CCC
waveforms/CI_CLC.20190706T141148.16038.sac,2019-07-06T14:11:48.088,16038,897,CI.CLC
waveforms/CI_DAW.20190706T141156.16039.sac,2019-07-06T14:11:56.693,16039,897,CI.DAW
waveforms/CI_DTP.20190706T141152.16040.sac,2019-07-06T14:11:52.758,16040,897,CI.DTP
waveforms/CI_GSC.20190706T141155.16041.sac,2019-07-06T14:11:55.718,16041,897,CI.GSC
waveforms/CI_HYS.20190706T141158.16042.sac,2019-07-06T14:11:58.138,16042,897,CI.HYS
waveforms/CI_JRC2.20190706T141152.16043.sac,2019-07-06T14:11:52.738,16043,897,CI.JRC2
waveforms/CI_MPM.20190706T141151.16044.sac,2019-07-06T14:11:51.978,16044,897,CI.MPM
waveforms/CI_SLA.20190706T141149.16045.sac,2019-07-06T14:11:49.648,16045,897,CI.SLA
waveforms/CI_SRT.20190706T141149.16046.sac,2019-07-06T14:11:49.068,16046,897,CI.SRT
waveforms/CI_TEH.20190706T141159.16047.sac,2019-07-06T14:11:59.738,16047,897,CI.TEH
waveforms/CI_TOW2.20190706T141150.16048.sac,2019-07-06T14:11:50.368,16048,897,CI.TOW2
waveforms/CI_WAS2.20190706T141200.16049.sac,2019-07-06T14:12:00.658,16049,897,CI.WAS2
waveforms/CI_WBM.20190706T141151.16050.sac,2019-07-06T14:11:51.113,16050,897,CI.WBM
waveforms/CI_WBS.20190706T141154.16051.sac,2019-07-06T14:11:54.508,16051,897,CI.WBS
waveforms/CI_WCS2.20190706T141153.16052.sac,2019-07-06T14:11:53.058,16052,897,CI.WCS2
waveforms/CI_WHF.20190706T141157.16053.sac,2019-07-06T14:11:57.438,16053,897,CI.WHF
waveforms/CI_WMF.20190706T141155.16054.sac,2019-07-06T14:11:55.138,16054,897,CI.WMF
waveforms/CI_WOR.20190706T141155.16055.sac,2019-07-06T14:11:55.928,16055,897,CI.WOR
waveforms/CI_WRC2.20190706T141150.16056.sac,2019-07-06T14:11:50.838,16056,897,CI.WRC2
waveforms/NN_GWY.20190706T141159.16057.sac,2019-07-06T14:11:59.758,16057,897,NN.GWY
waveforms/NN_QSM.20190706T141154.16058.sac,2019-07-06T14:11:54.998,16058,897,NN.QSM
waveforms/CI_CCA.20190706T144130.16303.sac,2019-07-06T14:41:30.608,16303,910,CI.CCA
waveforms/CI_CGO.20190706T144130.16304.sac,2019-07-06T14:41:30.858,16304,910,CI.CGO
waveforms/CI_CLC.20190706T144117.16305.sac,2019-07-06T14:41:17.768,16305,910,CI.CLC
waveforms/CI_CWC.20190706T144130.16306.sac,2019-07-06T14:41:30.408,16306,910,CI.CWC
waveforms/CI_DAW.20190706T144124.16307.sac,2019-07-06T14:41:24.903,16307,910,CI.DAW
waveforms/CI_DTP.20190706T144127.16308.sac,2019-07-06T14:41:27.448,16308,910,CI.DTP
waveforms/CI_EDW2.20190706T144134.16309.sac,2019-07-06T14:41:34.918,16309,910,CI.EDW2
waveforms/CI_GSC.20190706T144133.16310.sac,2019-07-06T14:41:33.188,16310,910,CI.GSC
waveforms/CI_JRC2.20190706T144120.16311.sac,2019-07-06T14:41:20.548,16311,910,CI.JRC2
waveforms/CI_LDR.20190706T144135.16312.sac,2019-07-06T14:41:35.298,16312,910,CI.LDR
waveforms/CI_LMR2.20190706T144133.16313.sac,2019-07-06T14:41:33.308,16313,910,CI.LMR2
waveforms/CI_MPM.20190706T144121.16314.sac,2019-07-06T14:41:21.818,16314,910,CI.MPM
waveforms/CI_SLA.20190706T144122.16315.sac,2019-07-06T14:41:22.808,16315,910,CI.SLA
waveforms/CI_SPG2.20190706T144134.16316.sac,2019-07-06T14:41:34.718,16316,910,CI.SPG2
waveforms/CI_SRT.20190706T144120.16317.sac,2019-07-06T14:41:20.138,16317,910,CI.SRT
waveforms/CI_TEH.20190706T144131.16318.sac,2019-07-06T14:41:31.848,16318,910,CI.TEH
waveforms/CI_TOW2.20190706T144118.16319.sac,2019-07-06T14:41:18.888,16319,910,CI.TOW2
waveforms/CI_WAS2.20190706T144130.16320.sac,2019-07-06T14:41:30.628,16320,910,CI.WAS2
waveforms/CI_WBM.20190706T144122.16321.sac,2019-07-06T14:41:22.613,16321,910,CI.WBM
waveforms/CI_WBS.20190706T144125.16322.sac,2019-07-06T14:41:25.998,16322,910,CI.WBS
waveforms/CI_WCS2.20190706T144120.16323.sac,2019-07-06T14:41:20.818,16323,910,CI.WCS2
waveforms/CI_WHF.20190706T144127.16324.sac,2019-07-06T14:41:27.588,16324,910,CI.WHF
waveforms/CI_WMF.20190706T144122.16325.sac,2019-07-06T14:41:22.998,16325,910,CI.WMF
waveforms/CI_WOR.20190706T144125.16326.sac,2019-07-06T14:41:25.948,16326,910,CI.WOR
waveforms/CI_WRC2.20190706T144119.16327.sac,2019-07-06T14:41:19.028,16327,910,CI.WRC2
waveforms/NN_QSM.20190706T144129.16328.sac,2019-07-06T14:41:29.738,16328,910,NN.QSM
waveforms/CI_CCA.20190706T152007.16571.sac,2019-07-06T15:20:07.798,16571,922,CI.CCA
waveforms/CI_CCC.20190706T152001.16572.sac,2019-07-06T15:20:01.438,16572,922,CI.CCC
waveforms/CI_CGO.20190706T152005.16573.sac,2019-07-06T15:20:05.888,16573,922,CI.CGO
waveforms/CI_CLC.20190706T151955.16574.sac,2019-07-06T15:19:55.958,16574,922,CI.CLC
waveforms/CI_CWC.20190706T152005.16575.sac,2019-07-06T15:20:05.318,16575,922,CI.CWC
waveforms/CI_DAW.20190706T152000.16576.sac,2019-07-06T15:20:00.683,16576,922,CI.DAW
waveforms/CI_DTP.20190706T152005.16577.sac,2019-07-06T15:20:05.008,16577,922,CI.DTP
waveforms/CI_EDW2.20190706T152012.16578.sac,2019-07-06T15:20:12.038,16578,922,CI.EDW2
waveforms/CI_GSC.20190706T152010.16579.sac,2019-07-06T15:20:10.958,16579,922,CI.GSC
waveforms/CI_HYS.20190706T152012.16580.sac,2019-07-06T15:20:12.358,16580,922,CI.HYS
waveforms/CI_JRC2.20190706T151955.16581.sac,2019-07-06T15:19:55.918,16581,922,CI.JRC2
waveforms/CI_LMR2.20190706T152010.16582.sac,2019-07-06T15:20:10.978,16582,922,CI.LMR2
waveforms/CI_MPM.20190706T151958.16583.sac,2019-07-06T15:19:58.368,16583,922,CI.MPM
waveforms/CI_SLA.20190706T152000.16584.sac,2019-07-06T15:20:00.328,16584,922,CI.SLA
waveforms/CI_SPG2.20190706T152009.16585.sac,2019-07-06T15:20:09.798,16585,922,CI.SPG2
waveforms/CI_SRT.20190706T151957.16586.sac,2019-07-06T15:19:57.788,16586,922,CI.SRT
waveforms/CI_TEH.20190706T152008.16587.sac,2019-07-06T15:20:08.438,16587,922,CI.TEH
waveforms/CI_TOW2.20190706T151955.16588.sac,2019-07-06T15:19:55.868,16588,922,CI.TOW2
waveforms/CI_WAS2.20190706T152006.16589.sac,2019-07-06T15:20:06.448,16589,922,CI.WAS2
waveforms/CI_WBM.20190706T151959.16590.sac,2019-07-06T15:19:59.643,16590,922,CI.WBM
waveforms/CI_WBS.20190706T152002.16591.sac,2019-07-06T15:20:02.658,16591,922,CI.WBS
waveforms/CI_WCS2.20190706T151956.16592.sac,2019-07-06T15:19:56.218,16592,922,CI.WCS2
waveforms/CI_WHF.20190706T152003.16593.sac,2019-07-06T15:20:03.668,16593,922,CI.WHF
waveforms/CI_WMF.20190706T151958.16594.sac,2019-07-06T15:19:58.318,16594,922,CI.WMF
waveforms/CI_WOR.20190706T152002.16595.sac,2019-07-06T15:20:02.098,16595,922,CI.WOR
waveforms/CI_WRC2.20190706T151955.16596.sac,2019-07-06T15:19:55.408,16596,922,CI.WRC2
waveforms/NN_QSM.20190706T152007.16597.sac,2019-07-06T15:20:07.278,16597,922,NN.QSM
waveforms/CI_CCC.20190706T153446.16852.sac,2019-07-06T15:34:46.038,16852,934,CI.CCC
waveforms/CI_CGO.20190706T153449.16853.sac,2019-07-06T15:34:49.418,16853,934,CI.CGO
waveforms/CI_CLC.20190706T153439.16854.sac,2019-07-06T15:34:39.038,16854,934,CI.CLC
waveforms/CI_CWC.20190706T153449.16855.sac,2019-07-06T15:34:49.338,16855,934,CI.CWC
waveforms/CI_DAW.20190706T153443.16856.sac,2019-07-06T15:34:43.193,16856,934,CI.DAW
waveforms/CI_FUR.20190706T153453.16857.sac,2019-07-06T15:34:53.178,16857,934,CI.FUR
waveforms/CI_GSC.20190706T153454.16858.sac,2019-07-06T15:34:54.218,16858,934,CI.GSC
waveforms/CI_JRC2.20190706T153439.16859.sac,2019-07-06T15:34:39.088,16859,934,CI.JRC2
waveforms/CI_MPM.20190706T153440.16860.sac,2019-07-06T15:34:40.648,16860,934,CI.MPM
waveforms/CI_SPG2.20190706T153453.16861.sac,2019-07-06T15:34:53.648,16861,934,CI.SPG2
waveforms/CI_SRT.20190706T153441.16862.sac,2019-07-06T15:34:41.648,16862,934,CI.SRT
waveforms/CI_TEH.20190706T153452.16863.sac,2019-07-06T15:34:52.778,16863,934,CI.TEH
waveforms/CI_TOW2.20190706T153439.16864.sac,2019-07-06T15:34:39.598,16864,934,CI.TOW2
waveforms/CI_WAS2.20190706T153450.16865.sac,2019-07-06T15:34:50.478,16865,934,CI.WAS2
waveforms/CI_WBM.20190706T153443.16866.sac,2019-07-06T15:34:43.633,16866,934,CI.WBM
waveforms/CI_WBS.20190706T153446.16867.sac,2019-07-06T15:34:46.798,16867,934,CI.WBS
waveforms/CI_WCS2.20190706T153439.16868.sac,2019-07-06T15:34:39.028,16868,934,CI.WCS2
waveforms/CI_WMF.20190706T153441.16869.sac,2019-07-06T15:34:41.278,16869,934,CI.WMF
waveforms/CI_WOR.20190706T153445.16870.sac,2019-07-06T15:34:45.548,16870,934,CI.WOR
waveforms/CI_WRC2.20190706T153437.16871.sac,2019-07-06T15:34:37.468,16871,934,CI.WRC2
waveforms/CI_CLC.20190706T160608.17115.sac,2019-07-06T16:06:08.118,17115,945,CI.CLC
waveforms/CI_DTP.20190706T160617.17116.sac,2019-07-06T16:06:17.398,17116,945,CI.DTP
waveforms/CI_JRC2.20190706T160610.17117.sac,2019-07-06T16:06:10.418,17117,945,CI.JRC2
waveforms/CI_MPM.20190706T160611.17118.sac,2019-07-06T16:06:11.718,17118,945,CI.MPM
waveforms/CI_SPG2.20190706T160623.17119.sac,2019-07-06T16:06:23.818,17119,945,CI.SPG2
waveforms/CI_SRT.20190706T160609.17120.sac,2019-07-06T16:06:09.938,17120,945,CI.SRT
waveforms/CI_TEH.20190706T160621.17121.sac,2019-07-06T16:06:21.378,17121,945,CI.TEH
waveforms/CI_TOW2.20190706T160608.17122.sac,2019-07-06T16:06:08.898,17122,945,CI.TOW2
waveforms/CI_WBM.20190706T160612.17123.sac,2019-07-06T16:06:12.313,17123,945,CI.WBM
waveforms/CI_WBS.20190706T160615.17124.sac,2019-07-06T16:06:15.598,17124,945,CI.WBS
waveforms/CI_WCS2.20190706T160610.17125.sac,2019-07-06T16:06:10.678,17125,945,CI.WCS2
waveforms/CI_WOR.20190706T160615.17126.sac,2019-07-06T16:06:15.498,17126,945,CI.WOR
waveforms/CI_WRC2.20190706T160609.17127.sac,2019-07-06T16:06:09.088,17127,945,CI.WRC2
waveforms/NN_QSM.20190706T160619.17128.sac,2019-07-06T16:06:19.478,17128,945,NN.QSM
waveforms/CI_CCA.20190706T164219.17359.sac,2019-07-06T16:42:19.368,17359,957,CI.CCA
waveforms/CI_CCC.20190706T164214.17360.sac,2019-07-06T16:42:14.208,17360,957,CI.CCC
waveforms/CI_CGO.20190706T164217.17361.sac,2019-07-06T16:42:17.798,17361,957,CI.CGO
waveforms/CI_CLC.20190706T164207.17362.sac,2019-07-06T16:42:07.478,17362,957,CI.CLC
waveforms/CI_CWC.20190706T164217.17363.sac,2019-07-06T16:42:17.488,17363,957,CI.CWC
waveforms/CI_DAW.20190706T164212.17364.sac,2019-07-06T16:42:12.663,17364,957,CI.DAW
waveforms/CI_DTP.20190706T164216.17365.sac,2019-07-06T16:42:16.598,17365,957,CI.DTP
waveforms/CI_EDW2.20190706T164223.17366.sac,2019-07-06T16:42:23.688,17366,957,CI.EDW2
waveforms/CI_FUR.20190706T164222.17367.sac,2019-07-06T16:42:22.518,17367,957,CI.FUR
waveforms/CI_GSC.20190706T164222.17368.sac,2019-07-06T16:42:22.398,17368,957,CI.GSC
waveforms/CI_HAR.20190706T164222.17369.sac,2019-07-06T16:42:22.198,17369,957,CI.HAR
waveforms/CI_HYS.20190706T164223.17370.sac,2019-07-06T16:42:23.868,17370,957,CI.HYS
waveforms/CI_JRC2.20190706T164207.17371.sac,2019-07-06T16:42:07.988,17371,957,CI.JRC2
waveforms/CI_LDR.20190706T164223.17372.sac,2019-07-06T16:42:23.798,17372,957,CI.LDR
waveforms/CI_LMR2.20190706T164222.17373.sac,2019-07-06T16:42:22.508,17373,957,CI.LMR2
waveforms/CI_MPM.20190706T164210.17374.sac,2019-07-06T16:42:10.148,17374,957,CI.MPM
waveforms/CI_SLA.20190706T164211.17375.sac,2019-07-06T16:42:11.858,17375,957,CI.SLA
waveforms/CI_SPG2.20190706T164221.17376.sac,2019-07-06T16:42:21.888,17376,957,CI.SPG2
waveforms/CI_SRT.20190706T164209.17377.sac,2019-07-06T16:42:09.288,17377,957,CI.SRT
waveforms/CI_TEH.20190706T164220.17378.sac,2019-07-06T16:42:20.168,17378,957,CI.TEH
waveforms/CI_TOW2.20190706T164207.17379.sac,2019-07-06T16:42:07.438,17379,957,CI.TOW2
waveforms/CI_WAS2.20190706T164218.17380.sac,2019-07-06T16:42:18.378,17380,957,CI.WAS2
waveforms/CI_WBM.20190706T164211.17381.sac,2019-07-06T16:42:11.263,17381,957,CI.WBM
waveforms/CI_WBS.20190706T164214.17382.sac,2019-07-06T16:42:14.348,17382,957,CI.WBS
waveforms/CI_WCS2.20190706T164208.17383.sac,2019-07-06T16:42:08.298,17383,957,CI.WCS2
waveforms/CI_WHF.20190706T164215.17384.sac,2019-07-06T16:42:15.518,17384,957,CI.WHF
waveforms/CI_WMF.20190706T164210.17385.sac,2019-07-06T16:42:10.358,17385,957,CI.WMF
waveforms/CI_WOR.20190706T164213.17386.sac,2019-07-06T16:42:13.928,17386,957,CI.WOR
waveforms/CI_WRC2.20190706T164207.17387.sac,2019-07-06T16:42:07.118,17387,957,CI.WRC2
waveforms/NN_GWY.20190706T164222.17388.sac,2019-07-06T16:42:22.208,17388,957,NN.GWY
waveforms/NN_QSM.20190706T164218.17389.sac,2019-07-06T16:42:18.768,17389,957,NN.QSM
waveforms/CI_CCA.20190706T171652.17649.sac,2019-07-06T17:16:52.788,17649,969,CI.CCA
waveforms/CI_CCC.20190706T171641.17650.sac,2019-07-06T17:16:41.378,17650,969,CI.CCC
waveforms/CI_CLC.20190706T171645.17651.sac,2019-07-06T17:16:45.878,17651,969,CI.CLC
waveforms/CI_DAW.20190706T171653.17652.sac,2019-07-06T17:16:53.523,17652,969,CI.DAW
waveforms/CI_DTP.20190706T171648.17653.sac,2019-07-06T17:16:48.918,17653,969,CI.DTP
waveforms/CI_GSC.20190706T171650.17654.sac,2019-07-06T17:16:50.018,17654,969,CI.GSC
waveforms/CI_HAR.20190706T171649.17655.sac,2019-07-06T17:16:49.988,17655,969,CI.HAR
waveforms/CI_JRC2.20190706T171650.17656.sac,2019-07-06T17:16:50.468,17656,969,CI.JRC2
waveforms/CI_LMR2.20190706T171652.17657.sac,2019-07-06T17:16:52.678,17657,969,CI.LMR2
waveforms/CI_MPM.20190706T171649.17658.sac,2019-07-06T17:16:49.418,17658,969,CI.MPM
waveforms/CI_SLA.20190706T171646.17659.sac,2019-07-06T17:16:46.558,17659,969,CI.SLA
waveforms/CI_SRT.20190706T171646.17660.sac,2019-07-06T17:16:46.728,17660,969,CI.SRT
waveforms/CI_TEH.20190706T171653.17661.sac,2019-07-06T17:16:53.298,17661,969,CI.TEH
waveforms/CI_WBM.20190706T171648.17662.sac,2019-07-06T17:16:48.493,17662,969,CI.WBM
waveforms/CI_WBS.20190706T171651.17663.sac,2019-07-06T17:16:51.378,17663,969,CI.WBS
waveforms/CI_WCS2.20190706T171650.17664.sac,2019-07-06T17:16:50.658,17664,969,CI.WCS2
waveforms/CI_WHF.20190706T171654.17665.sac,2019-07-06T17:16:54.938,17665,969,CI.WHF
waveforms/CI_WMF.20190706T171650.17666.sac,2019-07-06T17:16:50.488,17666,969,CI.WMF
waveforms/CI_WOR.20190706T171653.17667.sac,2019-07-06T17:16:53.418,17667,969,CI.WOR
waveforms/CI_WRC2.20190706T171648.17668.sac,2019-07-06T17:16:48.438,17668,969,CI.WRC2
waveforms/NN_GWY.20190706T171655.17669.sac,2019-07-06T17:16:55.848,17669,969,NN.GWY
waveforms/NN_QSM.20190706T171650.17670.sac,2019-07-06T17:16:50.718,17670,969,NN.QSM
waveforms/CI_CLC.20190706T175118.17931.sac,2019-07-06T17:51:18.758,17931,981,CI.CLC
waveforms/CI_CWC.20190706T175128.17932.sac,2019-07-06T17:51:28.758,17932,981,CI.CWC
waveforms/CI_DAW.20190706T175124.17933.sac,2019-07-06T17:51:24.083,17933,981,CI.DAW
waveforms/CI_DTP.20190706T175128.17934.sac,2019-07-06T17:51:28.818,17934,981,CI.DTP
waveforms/CI_HAR.20190706T175132.17935.sac,2019-07-06T17:51:32.108,17935,981,CI.HAR
waveforms/CI_JRC2.20190706T175119.17936.sac,2019-07-06T17:51:19.528,17936,981,CI.JRC2
waveforms/CI_MPM.20190706T175121.17937.sac,2019-07-06T17:51:21.398,17937,981,CI.MPM
waveforms/CI_SLA.20190706T175122.17938.sac,2019-07-06T17:51:22.978,17938,981,CI.SLA
waveforms/CI_SPG2.20190706T175132.17939.sac,2019-07-06T17:51:32.998,17939,981,CI.SPG2
waveforms/CI_SRT.20190706T175120.17940.sac,2019-07-06T17:51:20.438,17940,981,CI.SRT
waveforms/CI_TOW2.20190706T175118.17941.sac,2019-07-06T17:51:18.858,17941,981,CI.TOW2
waveforms/CI_WAS2.20190706T175129.17942.sac,2019-07-06T17:51:29.518,17942,981,CI.WAS2
waveforms/CI_WBM.20190706T175122.17943.sac,2019-07-06T17:51:22.373,17943,981,CI.WBM
waveforms/CI_WCS2.20190706T175119.17944.sac,2019-07-06T17:51:19.798,17944,981,CI.WCS2
waveforms/CI_WHF.20190706T175126.17945.sac,2019-07-06T17:51:26.678,17945,981,CI.WHF
waveforms/CI_WOR.20190706T175125.17946.sac,2019-07-06T17:51:25.108,17946,981,CI.WOR
waveforms/NN_QSM.20190706T175128.17947.sac,2019-07-06T17:51:28.118,17947,981,NN.QSM
waveforms/CI_CCA.20190706T183523.18196.sac,2019-07-06T18:35:23.198,18196,993,CI.CCA
waveforms/CI_CCC.20190706T183517.18197.sac,2019-07-06T18:35:17.288,18197,993,CI.CCC
waveforms/CI_CLC.20190706T183511.18198.sac,2019-07-06T18:35:11.058,18198,993,CI.CLC
waveforms/CI_DAW.20190706T183517.18199.sac,2019-07-06T18:35:17.483,18199,993,CI.DAW
waveforms/CI_DTP.20190706T183520.18200.sac,2019-07-06T18:35:20.478,18200,993,CI.DTP
waveforms/CI_JRC2.20190706T183512.18201.sac,2019-07-06T18:35:12.788,18201,993,CI.JRC2
waveforms/CI_MPM.20190706T183514.18202.sac,2019-07-06T18:35:14.008,18202,993,CI.MPM
waveforms/CI_SLA.20190706T183515.18203.sac,2019-07-06T18:35:15.158,18203,993,CI.SLA
waveforms/CI_SRT.20190706T183513.18204.sac,2019-07-06T18:35:13.018,18204,993,CI.SRT
waveforms/CI_TEH.20190706T183524.18205.sac,2019-07-06T18:35:24.278,18205,993,CI.TEH
waveforms/CI_WAS2.20190706T183522.18206.sac,2019-07-06T18:35:22.768,18206,993,CI.WAS2
waveforms/CI_WBM.20190706T183515.18207.sac,2019-07-06T18:35:15.283,18207,993,CI.WBM
waveforms/CI_WBS.20190706T183518.18208.sac,2019-07-06T18:35:18.518,18208,993,CI.WBS
waveforms/CI_WHF.20190706T183519.18209.sac,2019-07-06T18:35:19.868,18209,993,CI.WHF
waveforms/CI_WMF.20190706T183514.18210.sac,2019-07-06T18:35:14.928,18210,993,CI.WMF
waveforms/CI_WOR.20190706T183518.18211.sac,2019-07-06T18:35:18.268,18211,993,CI.WOR
waveforms/CI_WRC2.20190706T183511.18212.sac,2019-07-06T18:35:11.498,18212,993,CI.WRC2
waveforms/NN_QSM.20190706T183521.18213.sac,2019-07-06T18:35:21.488,18213,993,NN.QSM
waveforms/CI_CCA.20190706T191615.18489.sac,2019-07-06T19:16:15.518,18489,1006,CI.CCA
waveforms/CI_CCC.20190706T191608.18490.sac,2019-07-06T19:16:08.738,18490,1006,CI.CCC
waveforms/CI_CLC.20190706T191605.18491.sac,2019-07-06T19:16:05.448,18491,1006,CI.CLC
waveforms/CI_DAW.20190706T191613.18492.sac,2019-07-06T19:16:13.393,18492,1006,CI.DAW
waveforms/CI_DTP.20190706T191612.18493.sac,2019-07-06T19:16:12.388,18493,1006,CI.DTP
waveforms/CI_GSC.20190706T191617.18494.sac,2019-07-06T19:16:17.098,18494,1006,CI.GSC
waveforms/CI_JRC2.20190706T191609.18495.sac,2019-07-06T19:16:09.098,18495,1006,CI.JRC2
waveforms/CI_MPM.20190706T191608.18496.sac,2019-07-06T19:16:08.278,18496,1006,CI.MPM
waveforms/CI_SLA.20190706T191608.18497.sac,2019-07-06T19:16:08.718,18497,1006,CI.SLA
waveforms/CI_SRT.20190706T191606.18498.sac,2019-07-06T19:16:06.578,18498,1006,CI.SRT
waveforms/CI_TEH.20190706T191617.18499.sac,2019-07-06T19:16:17.608,18499,1006,CI.TEH
waveforms/CI_TOW2.20190706T191605.18500.sac,2019-07-06T19:16:05.588,18500,1006,CI.TOW2
waveforms/CI_WBM.20190706T191608.18501.sac,2019-07-06T19:16:08.853,18501,1006,CI.WBM
waveforms/CI_WBS.20190706T191612.18502.sac,2019-07-06T19:16:12.238,18502,1006,CI.WBS
waveforms/CI_WCS2.20190706T191606.18503.sac,2019-07-06T19:16:06.928,18503,1006,CI.WCS2
waveforms/CI_WHF.20190706T191613.18504.sac,2019-07-06T19:16:13.898,18504,1006,CI.WHF
waveforms/CI_WMF.20190706T191611.18505.sac,2019-07-06T19:16:11.458,18505,1006,CI.WMF
waveforms/CI_WOR.20190706T191612.18506.sac,2019-07-06T19:16:12.878,18506,1006,CI.WOR
waveforms/CI_WRC2.20190706T191605.18507.sac,2019-07-06T19:16:05.538,18507,1006,CI.WRC2
waveforms/NN_QSM.20190706T191614.18508.sac,2019-07-06T19:16:14.568,18508,1006,NN.QSM
waveforms/CI_CCA.20190706T195444.18750.sac,2019-07-06T19:54:44.198,18750,1017,CI.CCA
waveforms/CI_CCC.20190706T195439.18751.sac,2019-07-06T19:54:39.158,18751,1017,CI.CCC
waveforms/CI_CGO.20190706T195442.18752.sac,2019-07-06T19:54:42.198,18752,1017,CI.CGO
waveforms/CI_CLC.20190706T195432.18753.sac,2019-07-06T19:54:32.488,18753,1017,CI.CLC
waveforms/CI_CWC.20190706T195441.18754.sac,2019-07-06T19:54:41.598,18754,1017,CI.CWC
waveforms/CI_DAW.20190706T195437.18755.sac,2019-07-06T19:54:37.083,18755,1017,CI.DAW
waveforms/CI_DTP.20190706T195441.18756.sac,2019-07-06T19:54:41.508,18756,1017,CI.DTP
waveforms/CI_GSC.20190706T195447.18757.sac,2019-07-06T19:54:47.318,18757,1017,CI.GSC
waveforms/CI_JRC2.20190706T195432.18758.sac,2019-07-06T19:54:32.278,18758,1017,CI.JRC2
waveforms/CI_LMR2.20190706T195447.18759.sac,2019-07-06T19:54:47.428,18759,1017,CI.LMR2
waveforms/CI_MPM.20190706T195434.18760.sac,2019-07-06T19:54:34.758,18760,1017,CI.MPM
waveforms/CI_SLA.20190706T195436.18761.sac,2019-07-06T19:54:36.728,18761,1017,CI.SLA
waveforms/CI_SPG2.20190706T195446.18762.sac,2019-07-06T19:54:46.188,18762,1017,CI.SPG2
waveforms/CI_SRT.20190706T195434.18763.sac,2019-07-06T19:54:34.208,18763,1017,CI.SRT
waveforms/CI_TEH.20190706T195444.18764.sac,2019-07-06T19:54:44.898,18764,1017,CI.TEH
waveforms/CI_TOW2.20190706T195432.18765.sac,2019-07-06T19:54:32.258,18765,1017,CI.TOW2
waveforms/CI_WAS2.20190706T195442.18766.sac,2019-07-06T19:54:42.878,18766,1017,CI.WAS2
waveforms/CI_WBM.20190706T195436.18767.sac,2019-07-06T19:54:36.083,18767,1017,CI.WBM
waveforms/CI_WBS.20190706T195439.18768.sac,2019-07-06T19:54:39.088,18768,1017,CI.WBS
waveforms/CI_WCS2.20190706T195432.18769.sac,2019-07-06T19:54:32.478,18769,1017,CI.WCS2
waveforms/CI_WHF.20190706T195440.18770.sac,2019-07-06T19:54:40.108,18770,1017,CI.WHF
waveforms/CI_WMF.20190706T195434.18771.sac,2019-07-06T19:54:34.618,18771,1017,CI.WMF
waveforms/CI_WOR.20190706T195438.18772.sac,2019-07-06T19:54:38.498,18772,1017,CI.WOR
waveforms/CI_WRC2.20190706T195431.18773.sac,2019-07-06T19:54:31.798,18773,1017,CI.WRC2
waveforms/NN_QSM.20190706T195443.18774.sac,2019-07-06T19:54:43.618,18774,1017,NN.QSM
waveforms/CI_CCA.20190706T204910.19019.sac,2019-07-06T20:49:10.798,19019,1030,CI.CCA
waveforms/CI_CGO.20190706T204910.19020.sac,2019-07-06T20:49:10.378,19020,1030,CI.CGO
waveforms/CI_CLC.20190706T204858.19021.sac,2019-07-06T20:48:58.968,19021,1030,CI.CLC
waveforms/CI_DAW.20190706T204904.19022.sac,2019-07-06T20:49:04.793,19022,1030,CI.DAW
waveforms/CI_DTP.20190706T204907.19023.sac,2019-07-06T20:49:07.978,19023,1030,CI.DTP
waveforms/CI_JRC2.20190706T204900.19024.sac,2019-07-06T20:49:00.308,19024,1030,CI.JRC2
waveforms/CI_MPM.20190706T204900.19025.sac,2019-07-06T20:49:00.918,19025,1030,CI.MPM
waveforms/CI_SLA.20190706T204903.19026.sac,2019-07-06T20:49:03.378,19026,1030,CI.SLA
waveforms/CI_SRT.20190706T204900.19027.sac,2019-07-06T20:49:00.768,19027,1030,CI.SRT
waveforms/CI_TEH.20190706T204911.19028.sac,2019-07-06T20:49:11.828,19028,1030,CI.TEH
waveforms/CI_TOW2.20190706T204859.19029.sac,2019-07-06T20:48:59.268,19029,1030,CI.TOW2
waveforms/CI_WAS2.20190706T204910.19030.sac,2019-07-06T20:49:10.288,19030,1030,CI.WAS2
waveforms/CI_WBM.20190706T204902.19031.sac,2019-07-06T20:49:02.853,19031,1030,CI.WBM
waveforms/CI_WCS2.20190706T204900.19032.sac,2019-07-06T20:49:00.608,19032,1030,CI.WCS2
waveforms/CI_WHF.20190706T204907.19033.sac,2019-07-06T20:49:07.398,19033,1030,CI.WHF
waveforms/CI_WMF.20190706T204902.19034.sac,2019-07-06T20:49:02.668,19034,1030,CI.WMF
waveforms/CI_WOR.20190706T204905.19035.sac,2019-07-06T20:49:05.788,19035,1030,CI.WOR
waveforms/CI_WRC2.20190706T204859.19036.sac,2019-07-06T20:48:59.258,19036,1030,CI.WRC2
waveforms/CI_CCA.20190706T220134.19287.sac,2019-07-06T22:01:34.708,19287,1042,CI.CCA
waveforms/CI_CCC.20190706T220125.19288.sac,2019-07-06T22:01:25.238,19288,1042,CI.CCC
waveforms/CI_CLC.20190706T220126.19289.sac,2019-07-06T22:01:26.548,19289,1042,CI.CLC
waveforms/CI_CWC.20190706T220140.19290.sac,2019-07-06T22:01:40.648,19290,1042,CI.CWC
waveforms/CI_DAW.20190706T220134.19291.sac,2019-07-06T22:01:34.313,19291,1042,CI.DAW
waveforms/CI_DTP.20190706T220131.19292.sac,2019-07-06T22:01:31.148,19292,1042,CI.DTP
waveforms/CI_EDW2.20190706T220138.19293.sac,2019-07-06T22:01:38.048,19293,1042,CI.EDW2
waveforms/CI_GSC.20190706T220134.19294.sac,2019-07-06T22:01:34.158,19294,1042,CI.GSC
waveforms/CI_HAR.20190706T220133.19295.sac,2019-07-06T22:01:33.888,19295,1042,CI.HAR
waveforms/CI_HYS.20190706T220136.19296.sac,2019-07-06T22:01:36.368,19296,1042,CI.HYS
waveforms/CI_JRC2.20190706T220131.19297.sac,2019-07-06T22:01:31.148,19297,1042,CI.JRC2
waveforms/CI_LDR.20190706T220140.19298.sac,2019-07-06T22:01:40.198,19298,1042,CI.LDR
waveforms/CI_LMR2.20190706T220135.19299.sac,2019-07-06T22:01:35.508,19299,1042,CI.LMR2
waveforms/CI_MPM.20190706T220130.19300.sac,2019-07-06T22:01:30.478,19300,1042,CI.MPM
waveforms/CI_SLA.20190706T220128.19301.sac,2019-07-06T22:01:28.198,19301,1042,CI.SLA
waveforms/CI_SRT.20190706T220127.19302.sac,2019-07-06T22:01:27.448,19302,1042,CI.SRT
waveforms/CI_TEH.20190706T220137.19303.sac,2019-07-06T22:01:37.858,19303,1042,CI.TEH
waveforms/CI_TOW2.20190706T220128.19304.sac,2019-07-06T22:01:28.688,19304,1042,CI.TOW2
waveforms/CI_WAS2.20190706T220139.19305.sac,2019-07-06T22:01:39.098,19305,1042,CI.WAS2
waveforms/CI_WBM.20190706T220129.19306.sac,2019-07-06T22:01:29.463,19306,1042,CI.WBM
waveforms/CI_WBS.20190706T220132.19307.sac,2019-07-06T22:01:32.908,19307,1042,CI.WBS
waveforms/CI_WCS2.20190706T220131.19308.sac,2019-07-06T22:01:31.508,19308,1042,CI.WCS2
waveforms/CI_WHF.20190706T220135.19309.sac,2019-07-06T22:01:35.858,19309,1042,CI.WHF
waveforms/CI_WMF.20190706T220133.19310.sac,2019-07-06T22:01:33.538,19310,1042,CI.WMF
waveforms/CI_WOR.20190706T220134.19311.sac,2019-07-06T22:01:34.208,19311,1042,CI.WOR
waveforms/CI_WRC2.20190706T220129.19312.sac,2019-07-06T22:01:29.258,19312,1042,CI.WRC2
waveforms/NN_GWY.20190706T220138.19313.sac,2019-07-06T22:01:38.208,19313,1042,NN.GWY
waveforms/NN_QSM.20190706T220133.19314.sac,2019-07-06T22:01:33.468,19314,1042,NN.QSM
waveforms/CI_CCA.20190706T232312.19566.sac,2019-07-06T23:23:12.488,19566,1054,CI.CCA
waveforms/CI_CCC.20190706T232307.19567.sac,2019-07-06T23:23:07.158,19567,1054,CI.CCC
waveforms/CI_CGO.20190706T232311.19568.sac,2019-07-06T23:23:11.458,19568,1054,CI.CGO
waveforms/CI_CLC.20190706T232300.19569.sac,2019-07-06T23:23:00.518,19569,1054,CI.CLC
waveforms/CI_CWC.20190706T232310.19570.sac,2019-07-06T23:23:10.758,19570,1054,CI.CWC
waveforms/CI_DAW.20190706T232305.19571.sac,2019-07-06T23:23:05.943,19571,1054,CI.DAW
waveforms/CI_DTP.20190706T232309.19572.sac,2019-07-06T23:23:09.838,19572,1054,CI.DTP
waveforms/CI_GSC.20190706T232315.19573.sac,2019-07-06T23:23:15.478,19573,1054,CI.GSC
waveforms/CI_JRC2.20190706T232301.19574.sac,2019-07-06T23:23:01.278,19574,1054,CI.JRC2
waveforms/CI_LDR.20190706T232317.19575.sac,2019-07-06T23:23:17.008,19575,1054,CI.LDR
waveforms/CI_LMR2.20190706T232315.19576.sac,2019-07-06T23:23:15.598,19576,1054,CI.LMR2
waveforms/CI_MPM.20190706T232303.19577.sac,2019-07-06T23:23:03.288,19577,1054,CI.MPM
waveforms/CI_SLA.20190706T232304.19578.sac,2019-07-06T23:23:04.908,19578,1054,CI.SLA
waveforms/CI_SPG2.20190706T232315.19579.sac,2019-07-06T23:23:15.158,19579,1054,CI.SPG2
waveforms/CI_SRT.20190706T232302.19580.sac,2019-07-06T23:23:02.398,19580,1054,CI.SRT
waveforms/CI_TEH.20190706T232313.19581.sac,2019-07-06T23:23:13.368,19581,1054,CI.TEH
waveforms/CI_TOW2.20190706T232300.19582.sac,2019-07-06T23:23:00.648,19582,1054,CI.TOW2
waveforms/CI_WAS2.20190706T232311.19583.sac,2019-07-06T23:23:11.578,19583,1054,CI.WAS2
waveforms/CI_WBM.20190706T232304.19584.sac,2019-07-06T23:23:04.433,19584,1054,CI.WBM
waveforms/CI_WBS.20190706T232307.19585.sac,2019-07-06T23:23:07.528,19585,1054,CI.WBS
waveforms/CI_WCS2.20190706T232301.19586.sac,2019-07-06T23:23:01.598,19586,1054,CI.WCS2
waveforms/CI_WHF.20190706T232308.19587.sac,2019-07-06T23:23:08.718,19587,1054,CI.WHF
waveforms/CI_WMF.20190706T232303.19588.sac,2019-07-06T23:23:03.658,19588,1054,CI.WMF
waveforms/CI_WOR.20190706T232307.19589.sac,2019-07-06T23:23:07.158,19589,1054,CI.WOR
waveforms/CI_WRC2.20190706T232300.19590.sac,2019-07-06T23:23:00.318,19590,1054,CI.WRC2
waveforms/NN_GWY.20190706T232315.19591.sac,2019-07-06T23:23:15.298,19591,1054,NN.GWY
waveforms/NN_QSM.20190706T232311.19592.sac,2019-07-06T23:23:11.418,19592,1054,NN.QSM
waveforms/CI_CCA.20190707T002201.19875.sac,2019-07-07T00:22:01.118,19875,1066,CI.CCA
waveforms/CI_CLC.20190707T002150.19876.sac,2019-07-07T00:21:50.868,19876,1066,CI.CLC
waveforms/CI_DTP.20190707T002157.19877.sac,2019-07-07T00:21:57.828,19877,1066,CI.DTP
waveforms/CI_EDW2.20190707T002205.19878.sac,2019-07-07T00:22:05.128,19878,1066,CI.EDW2
waveforms/CI_GSC.20190707T002202.19879.sac,2019-07-07T00:22:02.558,19879,1066,CI.GSC
waveforms/CI_HAR.20190707T002202.19880.sac,2019-07-07T00:22:02.218,19880,1066,CI.HAR
waveforms/CI_JRC2.20190707T002154.19881.sac,2019-07-07T00:21:54.928,19881,1066,CI.JRC2
waveforms/CI_LDR.20190707T002206.19882.sac,2019-07-07T00:22:06.298,19882,1066,CI.LDR
waveforms/CI_MPM.20190707T002155.19883.sac,2019-07-07T00:21:55.118,19883,1066,CI.MPM
waveforms/CI_SRT.20190707T002152.19884.sac,2019-07-07T00:21:52.018,19884,1066,CI.SRT
waveforms/CI_TEH.20190707T002203.19885.sac,2019-07-07T00:22:03.348,19885,1066,CI.TEH
waveforms/CI_TOW2.20190707T002152.19886.sac,2019-07-07T00:21:52.608,19886,1066,CI.TOW2
waveforms/CI_WAS2.20190707T002203.19887.sac,2019-07-07T00:22:03.478,19887,1066,CI.WAS2
waveforms/CI_WBM.20190707T002154.19888.sac,2019-07-07T00:21:54.443,19888,1066,CI.WBM
waveforms/CI_WBS.20190707T002157.19889.sac,2019-07-07T00:21:57.858,19889,1066,CI.WBS
waveforms/CI_WCS2.20190707T002155.19890.sac,2019-07-07T00:21:55.208,19890,1066,CI.WCS2
waveforms/CI_WHF.20190707T002200.19891.sac,2019-07-07T00:22:00.418,19891,1066,CI.WHF
waveforms/CI_WMF.20190707T002157.19892.sac,2019-07-07T00:21:57.298,19892,1066,CI.WMF
waveforms/CI_WRC2.20190707T002153.19893.sac,2019-07-07T00:21:53.238,19893,1066,CI.WRC2
waveforms/NN_QSM.20190707T002200.19894.sac,2019-07-07T00:22:00.168,19894,1066,NN.QSM
waveforms/CI_CCA.20190707T013104.20174.sac,2019-07-07T01:31:04.888,20174,1078,CI.CCA
waveforms/CI_CCC.20190707T013057.20175.sac,2019-07-07T01:30:57.248,20175,1078,CI.CCC
waveforms/CI_CGO.20190707T013108.20176.sac,2019-07-07T01:31:08.768,20176,1078,CI.CGO
waveforms/CI_CLC.20190707T013055.20177.sac,2019-07-07T01:30:55.408,20177,1078,CI.CLC
waveforms/CI_DAW.20190707T013103.20178.sac,2019-07-07T01:31:03.143,20178,1078,CI.DAW
waveforms/CI_DTP.20190707T013101.20179.sac,2019-07-07T01:31:01.558,20179,1078,CI.DTP
waveforms/CI_EDW2.20190707T013108.20180.sac,2019-07-07T01:31:08.628,20180,1078,CI.EDW2
waveforms/CI_GSC.20190707T013105.20181.sac,2019-07-07T01:31:05.778,20181,1078,CI.GSC
waveforms/CI_HAR.20190707T013105.20182.sac,2019-07-07T01:31:05.468,20182,1078,CI.HAR
waveforms/CI_HYS.20190707T013107.20183.sac,2019-07-07T01:31:07.538,20183,1078,CI.HYS
waveforms/CI_JRC2.20190707T013059.20184.sac,2019-07-07T01:30:59.628,20184,1078,CI.JRC2
waveforms/CI_LDR.20190707T013110.20185.sac,2019-07-07T01:31:10.138,20185,1078,CI.LDR
waveforms/CI_LMR2.20190707T013106.20186.sac,2019-07-07T01:31:06.488,20186,1078,CI.LMR2
waveforms/CI_MPM.20190707T013059.20187.sac,2019-07-07T01:30:59.518,20187,1078,CI.MPM
waveforms/CI_SLA.20190707T013058.20188.sac,2019-07-07T01:30:58.158,20188,1078,CI.SLA
waveforms/CI_SRT.20190707T013056.20189.sac,2019-07-07T01:30:56.428,20189,1078,CI.SRT
waveforms/CI_TEH.20190707T013107.20190.sac,2019-07-07T01:31:07.408,20190,1078,CI.TEH
waveforms/CI_TOW2.20190707T013057.20191.sac,2019-07-07T01:30:57.278,20191,1078,CI.TOW2
waveforms/CI_WAS2.20190707T013107.20192.sac,2019-07-07T01:31:07.958,20192,1078,CI.WAS2
waveforms/CI_WBM.20190707T013058.20193.sac,2019-07-07T01:30:58.703,20193,1078,CI.WBM
waveforms/CI_WBS.20190707T013102.20194.sac,2019-07-07T01:31:02.148,20194,1078,CI.WBS
waveforms/CI_WCS2.20190707T013059.20195.sac,2019-07-07T01:30:59.768,20195,1078,CI.WCS2
waveforms/CI_WHF.20190707T013104.20196.sac,2019-07-07T01:31:04.798,20196,1078,CI.WHF
waveforms/CI_WMF.20190707T013101.20197.sac,2019-07-07T01:31:01.968,20197,1078,CI.WMF
waveforms/CI_WOR.20190707T013103.20198.sac,2019-07-07T01:31:03.118,20198,1078,CI.WOR
waveforms/CI_WRC2.20190707T013057.20199.sac,2019-07-07T01:30:57.898,20199,1078,CI.WRC2
waveforms/NN_GWY.20190707T013108.20200.sac,2019-07-07T01:31:08.518,20200,1078,NN.GWY
waveforms/NN_QSM.20190707T013103.20201.sac,2019-07-07T01:31:03.908,20201,1078,NN.QSM
waveforms/CI_CCA.20190707T031325.20459.sac,2019-07-07T03:13:25.288,20459,1090,CI.CCA
waveforms/CI_CCC.20190707T031318.20460.sac,2019-07-07T03:13:18.578,20460,1090,CI.CCC
waveforms/CI_CGO.20190707T031327.20461.sac,2019-07-07T03:13:27.558,20461,1090,CI.CGO
waveforms/CI_CLC.20190707T031314.20462.sac,2019-07-07T03:13:14.768,20462,1090,CI.CLC
waveforms/CI_CWC.20190707T031327.20463.sac,2019-07-07T03:13:27.528,20463,1090,CI.CWC
waveforms/CI_DAW.20190707T031322.20464.sac,2019-07-07T03:13:22.083,20464,1090,CI.DAW
waveforms/CI_DTP.20190707T031322.20465.sac,2019-07-07T03:13:22.088,20465,1090,CI.DTP
waveforms/CI_EDW2.20190707T031329.20466.sac,2019-07-07T03:13:29.238,20466,1090,CI.EDW2
waveforms/CI_GSC.20190707T031326.20467.sac,2019-07-07T03:13:26.898,20467,1090,CI.GSC
waveforms/CI_HAR.20190707T031326.20468.sac,2019-07-07T03:13:26.688,20468,1090,CI.HAR
waveforms/CI_HYS.20190707T031328.20469.sac,2019-07-07T03:13:28.668,20469,1090,CI.HYS
waveforms/CI_JRC2.20190707T031318.20470.sac,2019-07-07T03:13:18.238,20470,1090,CI.JRC2
waveforms/CI_LDR.20190707T031330.20471.sac,2019-07-07T03:13:30.148,20471,1090,CI.LDR
waveforms/CI_LMR2.20190707T031327.20472.sac,2019-07-07T03:13:27.448,20472,1090,CI.LMR2
waveforms/CI_MPM.20190707T031318.20473.sac,2019-07-07T03:13:18.678,20473,1090,CI.MPM
waveforms/CI_SLA.20190707T031318.20474.sac,2019-07-07T03:13:18.168,20474,1090,CI.SLA
waveforms/CI_SPG2.20190707T031331.20475.sac,2019-07-07T03:13:31.528,20475,1090,CI.SPG2
waveforms/CI_SRT.20190707T031315.20476.sac,2019-07-07T03:13:15.988,20476,1090,CI.SRT
waveforms/CI_TEH.20190707T031327.20477.sac,2019-07-07T03:13:27.078,20477,1090,CI.TEH
waveforms/CI_TOW2.20190707T031316.20478.sac,2019-07-07T03:13:16.208,20478,1090,CI.TOW2
waveforms/CI_WAS2.20190707T031326.20479.sac,2019-07-07T03:13:26.958,20479,1090,CI.WAS2
waveforms/CI_WBM.20190707T031318.20480.sac,2019-07-07T03:13:18.273,20480,1090,CI.WBM
waveforms/CI_WBS.20190707T031321.20481.sac,2019-07-07T03:13:21.668,20481,1090,CI.WBS
waveforms/CI_WCS2.20190707T031318.20482.sac,2019-07-07T03:13:18.508,20482,1090,CI.WCS2
waveforms/CI_WHF.20190707T031323.20483.sac,2019-07-07T03:13:23.848,20483,1090,CI.WHF
waveforms/CI_WMF.20190707T031320.20484.sac,2019-07-07T03:13:20.548,20484,1090,CI.WMF
waveforms/CI_WOR.20190707T031322.20485.sac,2019-07-07T03:13:22.198,20485,1090,CI.WOR
waveforms/CI_WRC2.20190707T031316.20486.sac,2019-07-07T03:13:16.748,20486,1090,CI.WRC2
waveforms/NN_GWY.20190707T031328.20487.sac,2019-07-07T03:13:28.558,20487,1090,NN.GWY
waveforms/NN_QSM.20190707T031324.20488.sac,2019-07-07T03:13:24.068,20488,1090,NN.QSM
waveforms/CI_CCA.20190707T060718.20741.sac,2019-07-07T06:07:18.618,20741,1102,CI.CCA
waveforms/CI_CCC.20190707T060710.20742.sac,2019-07-07T06:07:10.798,20742,1102,CI.CCC
waveforms/CI_CGO.20190707T060723.20743.sac,2019-07-07T06:07:23.368,20743,1102,CI.CGO
waveforms/CI_CLC.20190707T060709.20744.sac,2019-07-07T06:07:09.938,20744,1102,CI.CLC
waveforms/CI_CWC.20190707T060723.20745.sac,2019-07-07T06:07:23.308,20745,1102,CI.CWC
waveforms/CI_DAW.20190707T060717.20746.sac,2019-07-07T06:07:17.603,20746,1102,CI.DAW
waveforms/CI_DTP.20190707T060715.20747.sac,2019-07-07T06:07:15.228,20747,1102,CI.DTP
waveforms/CI_EDW2.20190707T060722.20748.sac,2019-07-07T06:07:22.248,20748,1102,CI.EDW2
waveforms/CI_GSC.20190707T060719.20749.sac,2019-07-07T06:07:19.278,20749,1102,CI.GSC
waveforms/CI_HYS.20190707T060721.20750.sac,2019-07-07T06:07:21.198,20750,1102,CI.HYS
waveforms/CI_JRC2.20190707T060714.20751.sac,2019-07-07T06:07:14.008,20751,1102,CI.JRC2
waveforms/CI_LDR.20190707T060723.20752.sac,2019-07-07T06:07:23.928,20752,1102,CI.LDR
waveforms/CI_LMR2.20190707T060720.20753.sac,2019-07-07T06:07:20.088,20753,1102,CI.LMR2
waveforms/CI_MPM.20190707T060713.20754.sac,2019-07-07T06:07:13.928,20754,1102,CI.MPM
waveforms/CI_SLA.20190707T060712.20755.sac,2019-07-07T06:07:12.308,20755,1102,CI.SLA
waveforms/CI_SRT.20190707T060710.20756.sac,2019-07-07T06:07:10.698,20756,1102,CI.SRT
waveforms/CI_TEH.20190707T060721.20757.sac,2019-07-07T06:07:21.348,20757,1102,CI.TEH
waveforms/CI_TOW2.20190707T060711.20758.sac,2019-07-07T06:07:11.698,20758,1102,CI.TOW2
waveforms/CI_WAS2.20190707T060722.20759.sac,2019-07-07T06:07:22.058,20759,1102,CI.WAS2
waveforms/CI_WBM.20190707T060712.20760.sac,2019-07-07T06:07:12.813,20760,1102,CI.WBM
waveforms/CI_WBS.20190707T060716.20761.sac,2019-07-07T06:07:16.198,20761,1102,CI.WBS
waveforms/CI_WCS2.20190707T060714.20762.sac,2019-07-07T06:07:14.248,20762,1102,CI.WCS2
waveforms/CI_WHF.20190707T060718.20763.sac,2019-07-07T06:07:18.918,20763,1102,CI.WHF
waveforms/CI_WMF.20190707T060716.20764.sac,2019-07-07T06:07:16.388,20764,1102,CI.WMF
waveforms/CI_WOR.20190707T060717.20765.sac,2019-07-07T06:07:17.288,20765,1102,CI.WOR
waveforms/CI_WRC2.20190707T060712.20766.sac,2019-07-07T06:07:12.378,20766,1102,CI.WRC2
waveforms/NN_GWY.20190707T060722.20767.sac,2019-07-07T06:07:22.478,20767,1102,NN.GWY
waveforms/NN_QSM.20190707T060717.20768.sac,2019-07-07T06:07:17.908,20768,1102,NN.QSM
waveforms/CI_CCA.20190707T071317.21023.sac,2019-07-07T07:13:17.618,21023,1114,CI.CCA
waveforms/CI_CCC.20190707T071312.21024.sac,2019-07-07T07:13:12.188,21024,1114,CI.CCC
waveforms/CI_CGO.20190707T071314.21025.sac,2019-07-07T07:13:14.978,21025,1114,CI.CGO
waveforms/CI_CLC.20190707T071305.21026.sac,2019-07-07T07:13:05.328,21026,1114,CI.CLC
waveforms/CI_CWC.20190707T071314.21027.sac,2019-07-07T07:13:14.638,21027,1114,CI.CWC
waveforms/CI_DAW.20190707T071309.21028.sac,2019-07-07T07:13:09.643,21028,1114,CI.DAW
waveforms/CI_DTP.20190707T071314.21029.sac,2019-07-07T07:13:14.818,21029,1114,CI.DTP
waveforms/CI_GSC.20190707T071320.21030.sac,2019-07-07T07:13:20.318,21030,1114,CI.GSC
waveforms/CI_JRC2.20190707T071305.21031.sac,2019-07-07T07:13:05.158,21031,1114,CI.JRC2
waveforms/CI_LMR2.20190707T071320.21032.sac,2019-07-07T07:13:20.758,21032,1114,CI.LMR2
waveforms/CI_MPM.20190707T071307.21033.sac,2019-07-07T07:13:07.288,21033,1114,CI.MPM
waveforms/CI_SLA.20190707T071309.21034.sac,2019-07-07T07:13:09.468,21034,1114,CI.SLA
waveforms/CI_SPG2.20190707T071319.21035.sac,2019-07-07T07:13:19.388,21035,1114,CI.SPG2
waveforms/CI_SRT.20190707T071307.21036.sac,2019-07-07T07:13:07.478,21036,1114,CI.SRT
waveforms/CI_TEH.20190707T071318.21037.sac,2019-07-07T07:13:18.318,21037,1114,CI.TEH
waveforms/CI_TOW2.20190707T071305.21038.sac,2019-07-07T07:13:05.448,21038,1114,CI.TOW2
waveforms/CI_WAS2.20190707T071316.21039.sac,2019-07-07T07:13:16.268,21039,1114,CI.WAS2
waveforms/CI_WBM.20190707T071309.21040.sac,2019-07-07T07:13:09.433,21040,1114,CI.WBM
waveforms/CI_WBS.20190707T071312.21041.sac,2019-07-07T07:13:12.468,21041,1114,CI.WBS
waveforms/CI_WCS2.20190707T071305.21042.sac,2019-07-07T07:13:05.298,21042,1114,CI.WCS2
waveforms/CI_WHF.20190707T071313.21043.sac,2019-07-07T07:13:13.408,21043,1114,CI.WHF
waveforms/CI_WMF.20190707T071307.21044.sac,2019-07-07T07:13:07.468,21044,1114,CI.WMF
waveforms/CI_WOR.20190707T071311.21045.sac,2019-07-07T07:13:11.848,21045,1114,CI.WOR
waveforms/CI_WRC2.20190707T071304.21046.sac,2019-07-07T07:13:04.198,21046,1114,CI.WRC2
waveforms/NN_QSM.20190707T071316.21047.sac,2019-07-07T07:13:16.198,21047,1114,NN.QSM
waveforms/CI_CCA.20190707T081603.21301.sac,2019-07-07T08:16:03.648,21301,1126,CI.CCA
waveforms/CI_CCC.20190707T081558.21302.sac,2019-07-07T08:15:58.448,21302,1126,CI.CCC
waveforms/CI_CGO.20190707T081601.21303.sac,2019-07-07T08:16:01.318,21303,1126,CI.CGO
waveforms/CI_CLC.20190707T081551.21304.sac,2019-07-07T08:15:51.508,21304,1126,CI.CLC
waveforms/CI_CWC.20190707T081601.21305.sac,2019-07-07T08:16:01.578,21305,1126,CI.CWC
waveforms/CI_DAW.20190707T081556.21306.sac,2019-07-07T08:15:56.423,21306,1126,CI.DAW
waveforms/CI_DTP.20190707T081600.21307.sac,2019-07-07T08:16:00.798,21307,1126,CI.DTP
waveforms/CI_JRC2.20190707T081551.21308.sac,2019-07-07T08:15:51.678,21308,1126,CI.JRC2
waveforms/CI_MPM.20190707T081553.21309.sac,2019-07-07T08:15:53.998,21309,1126,CI.MPM
waveforms/CI_SLA.20190707T081555.21310.sac,2019-07-07T08:15:55.958,21310,1126,CI.SLA
waveforms/CI_SPG2.20190707T081605.21311.sac,2019-07-07T08:16:05.838,21311,1126,CI.SPG2
waveforms/CI_SRT.20190707T081553.21312.sac,2019-07-07T08:15:53.448,21312,1126,CI.SRT
waveforms/CI_TEH.20190707T081604.21313.sac,2019-07-07T08:16:04.368,21313,1126,CI.TEH
waveforms/CI_TOW2.20190707T081551.21314.sac,2019-07-07T08:15:51.398,21314,1126,CI.TOW2
waveforms/CI_WAS2.20190707T081602.21315.sac,2019-07-07T08:16:02.388,21315,1126,CI.WAS2
waveforms/CI_WBM.20190707T081555.21316.sac,2019-07-07T08:15:55.433,21316,1126,CI.WBM
waveforms/CI_WBS.20190707T081558.21317.sac,2019-07-07T08:15:58.468,21317,1126,CI.WBS
waveforms/CI_WCS2.20190707T081551.21318.sac,2019-07-07T08:15:51.948,21318,1126,CI.WCS2
waveforms/CI_WHF.20190707T081559.21319.sac,2019-07-07T08:15:59.528,21319,1126,CI.WHF
waveforms/CI_WMF.20190707T081554.21320.sac,2019-07-07T08:15:54.088,21320,1126,CI.WMF
waveforms/CI_WOR.20190707T081557.21321.sac,2019-07-07T08:15:57.928,21321,1126,CI.WOR
waveforms/CI_WRC2.20190707T081550.21322.sac,2019-07-07T08:15:50.798,21322,1126,CI.WRC2
waveforms/NN_QSM.20190707T081601.21323.sac,2019-07-07T08:16:01.978,21323,1126,NN.QSM
waveforms/CI_CCA.20190707T094136.21563.sac,2019-07-07T09:41:36.148,21563,1138,CI.CCA
waveforms/CI_CCC.20190707T094128.21564.sac,2019-07-07T09:41:28.728,21564,1138,CI.CCC
waveforms/CI_CLC.20190707T094125.21565.sac,2019-07-07T09:41:25.418,21565,1138,CI.CLC
waveforms/CI_DAW.20190707T094132.21566.sac,2019-07-07T09:41:32.603,21566,1138,CI.DAW
waveforms/CI_DTP.20190707T094132.21567.sac,2019-07-07T09:41:32.868,21567,1138,CI.DTP
waveforms/CI_GSC.20190707T094136.21568.sac,2019-07-07T09:41:36.868,21568,1138,CI.GSC
waveforms/CI_HAR.20190707T094136.21569.sac,2019-07-07T09:41:36.948,21569,1138,CI.HAR
waveforms/CI_JRC2.20190707T094129.21570.sac,2019-07-07T09:41:29.268,21570,1138,CI.JRC2
waveforms/CI_MPM.20190707T094129.21571.sac,2019-07-07T09:41:29.078,21571,1138,CI.MPM
waveforms/CI_SLA.20190707T094128.21572.sac,2019-07-07T09:41:28.188,21572,1138,CI.SLA
waveforms/CI_SRT.20190707T094127.21573.sac,2019-07-07T09:41:27.098,21573,1138,CI.SRT
waveforms/CI_TEH.20190707T094138.21574.sac,2019-07-07T09:41:38.108,21574,1138,CI.TEH
waveforms/CI_TOW2.20190707T094127.21575.sac,2019-07-07T09:41:27.358,21575,1138,CI.TOW2
waveforms/CI_WBM.20190707T094129.21576.sac,2019-07-07T09:41:29.403,21576,1138,CI.WBM
waveforms/CI_WBS.20190707T094132.21577.sac,2019-07-07T09:41:32.778,21577,1138,CI.WBS
waveforms/CI_WCS2.20190707T094129.21578.sac,2019-07-07T09:41:29.308,21578,1138,CI.WCS2
waveforms/CI_WHF.20190707T094135.21579.sac,2019-07-07T09:41:35.028,21579,1138,CI.WHF
waveforms/CI_WMF.20190707T094131.21580.sac,2019-07-07T09:41:31.488,21580,1138,CI.WMF
waveforms/CI_WOR.20190707T094133.21581.sac,2019-07-07T09:41:33.368,21581,1138,CI.WOR
waveforms/CI_WRC2.20190707T094127.21582.sac,2019-07-07T09:41:27.478,21582,1138,CI.WRC2
waveforms/NN_QSM.20190707T094134.21583.sac,2019-07-07T09:41:34.008,21583,1138,NN.QSM
waveforms/CI_CCA.20190707T111627.21864.sac,2019-07-07T11:16:27.068,21864,1150,CI.CCA
waveforms/CI_CCC.20190707T111624.21865.sac,2019-07-07T11:16:24.208,21865,1150,CI.CCC
waveforms/CI_CGO.20190707T111622.21866.sac,2019-07-07T11:16:22.498,21866,1150,CI.CGO
waveforms/CI_CLC.20190707T111617.21867.sac,2019-07-07T11:16:17.658,21867,1150,CI.CLC
waveforms/CI_CWC.20190707T111620.21868.sac,2019-07-07T11:16:20.408,21868,1150,CI.CWC
waveforms/CI_DAW.20190707T111619.21869.sac,2019-07-07T11:16:19.233,21869,1150,CI.DAW
waveforms/CI_DTP.20190707T111624.21870.sac,2019-07-07T11:16:24.928,21870,1150,CI.DTP
waveforms/CI_JRC2.20190707T111613.21871.sac,2019-07-07T11:16:13.768,21871,1150,CI.JRC2
waveforms/CI_MPM.20190707T111618.21872.sac,2019-07-07T11:16:18.498,21872,1150,CI.MPM
waveforms/CI_SLA.20190707T111621.21873.sac,2019-07-07T11:16:21.748,21873,1150,CI.SLA
waveforms/CI_SPG2.20190707T111624.21874.sac,2019-07-07T11:16:24.588,21874,1150,CI.SPG2
waveforms/CI_SRT.20190707T111618.21875.sac,2019-07-07T11:16:18.248,21875,1150,CI.SRT
waveforms/CI_TEH.20190707T111626.21876.sac,2019-07-07T11:16:26.318,21876,1150,CI.TEH
waveforms/CI_TOW2.20190707T111616.21877.sac,2019-07-07T11:16:16.268,21877,1150,CI.TOW2
waveforms/CI_WAS2.20190707T111622.21878.sac,2019-07-07T11:16:22.318,21878,1150,CI.WAS2
waveforms/CI_WBM.20190707T111618.21879.sac,2019-07-07T11:16:18.813,21879,1150,CI.WBM
waveforms/CI_WBS.20190707T111620.21880.sac,2019-07-07T11:16:20.648,21880,1150,CI.WBS
waveforms/CI_WCS2.20190707T111614.21881.sac,2019-07-07T11:16:14.438,21881,1150,CI.WCS2
waveforms/CI_WHF.20190707T111620.21882.sac,2019-07-07T11:16:20.048,21882,1150,CI.WHF
waveforms/CI_WMF.20190707T111614.21883.sac,2019-07-07T11:16:14.558,21883,1150,CI.WMF
waveforms/CI_WOR.20190707T111618.21884.sac,2019-07-07T11:16:18.758,21884,1150,CI.WOR
waveforms/CI_WRC2.20190707T111616.21885.sac,2019-07-07T11:16:16.158,21885,1150,CI.WRC2
waveforms/CI_CCA.20190707T131328.22185.sac,2019-07-07T13:13:28.358,22185,1163,CI.CCA
waveforms/CI_CCC.20190707T131322.22186.sac,2019-07-07T13:13:22.908,22186,1163,CI.CCC
waveforms/CI_CGO.20190707T131326.22187.sac,2019-07-07T13:13:26.838,22187,1163,CI.CGO
waveforms/CI_CLC.20190707T131316.22188.sac,2019-07-07T13:13:16.178,22188,1163,CI.CLC
waveforms/CI_CWC.20190707T131326.22189.sac,2019-07-07T13:13:26.808,22189,1163,CI.CWC
waveforms/CI_DAW.20190707T131321.22190.sac,2019-07-07T13:13:21.563,22190,1163,CI.DAW
waveforms/CI_DTP.20190707T131325.22191.sac,2019-07-07T13:13:25.518,22191,1163,CI.DTP
waveforms/CI_GSC.20190707T131330.22192.sac,2019-07-07T13:13:30.218,22192,1163,CI.GSC
waveforms/CI_JRC2.20190707T131317.22193.sac,2019-07-07T13:13:17.078,22193,1163,CI.JRC2
waveforms/CI_MPM.20190707T131318.22194.sac,2019-07-07T13:13:18.958,22194,1163,CI.MPM
waveforms/CI_SLA.20190707T131320.22195.sac,2019-07-07T13:13:20.598,22195,1163,CI.SLA
waveforms/CI_SRT.20190707T131318.22196.sac,2019-07-07T13:13:18.198,22196,1163,CI.SRT
waveforms/CI_TEH.20190707T131329.22197.sac,2019-07-07T13:13:29.268,22197,1163,CI.TEH
waveforms/CI_TOW2.20190707T131316.22198.sac,2019-07-07T13:13:16.438,22198,1163,CI.TOW2
waveforms/CI_WAS2.20190707T131327.22199.sac,2019-07-07T13:13:27.488,22199,1163,CI.WAS2
waveforms/CI_WBM.20190707T131320.22200.sac,2019-07-07T13:13:20.283,22200,1163,CI.WBM
waveforms/CI_WBS.20190707T131323.22201.sac,2019-07-07T13:13:23.408,22201,1163,CI.WBS
waveforms/CI_WCS2.20190707T131317.22202.sac,2019-07-07T13:13:17.368,22202,1163,CI.WCS2
waveforms/CI_WHF.20190707T131324.22203.sac,2019-07-07T13:13:24.628,22203,1163,CI.WHF
waveforms/CI_WMF.20190707T131319.22204.sac,2019-07-07T13:13:19.468,22204,1163,CI.WMF
waveforms/CI_WOR.20190707T131323.22205.sac,2019-07-07T13:13:23.068,22205,1163,CI.WOR
waveforms/CI_WRC2.20190707T131315.22206.sac,2019-07-07T13:13:15.988,22206,1163,CI.WRC2
waveforms/NN_QSM.20190707T131326.22207.sac,2019-07-07T13:13:26.698,22207,1163,NN.QSM
waveforms/CI_CCA.20190707T150517.22475.sac,2019-07-07T15:05:17.118,22475,1175,CI.CCA
waveforms/CI_CCC.20190707T150507.22476.sac,2019-07-07T15:05:07.208,22476,1175,CI.CCC
waveforms/CI_CLC.20190707T150510.22477.sac,2019-07-07T15:05:10.448,22477,1175,CI.CLC
waveforms/CI_DAW.20190707T150517.22478.sac,2019-07-07T15:05:17.853,22478,1175,CI.DAW
waveforms/CI_DTP.20190707T150513.22479.sac,2019-07-07T15:05:13.718,22479,1175,CI.DTP
waveforms/CI_EDW2.20190707T150520.22480.sac,2019-07-07T15:05:20.358,22480,1175,CI.EDW2
waveforms/CI_GSC.20190707T150515.22481.sac,2019-07-07T15:05:15.698,22481,1175,CI.GSC
waveforms/CI_HAR.20190707T150515.22482.sac,2019-07-07T15:05:15.508,22482,1175,CI.HAR
waveforms/CI_HYS.20190707T150518.22483.sac,2019-07-07T15:05:18.208,22483,1175,CI.HYS
waveforms/CI_JRC2.20190707T150514.22484.sac,2019-07-07T15:05:14.808,22484,1175,CI.JRC2
waveforms/CI_LMR2.20190707T150517.22485.sac,2019-07-07T15:05:17.538,22485,1175,CI.LMR2
waveforms/CI_MPM.20190707T150514.22486.sac,2019-07-07T15:05:14.008,22486,1175,CI.MPM
waveforms/CI_SLA.20190707T150511.22487.sac,2019-07-07T15:05:11.458,22487,1175,CI.SLA
waveforms/CI_SPG2.20190707T150523.22488.sac,2019-07-07T15:05:23.608,22488,1175,CI.SPG2
waveforms/CI_SRT.20190707T150511.22489.sac,2019-07-07T15:05:11.058,22489,1175,CI.SRT
waveforms/CI_TEH.20190707T150520.22490.sac,2019-07-07T15:05:20.718,22490,1175,CI.TEH
waveforms/CI_TOW2.20190707T150512.22491.sac,2019-07-07T15:05:12.388,22491,1175,CI.TOW2
waveforms/CI_WBM.20190707T150512.22492.sac,2019-07-07T15:05:12.833,22492,1175,CI.WBM
waveforms/CI_WBS.20190707T150516.22493.sac,2019-07-07T15:05:16.048,22493,1175,CI.WBS
waveforms/CI_WCS2.20190707T150515.22494.sac,2019-07-07T15:05:15.128,22494,1175,CI.WCS2
waveforms/CI_WHF.20190707T150519.22495.sac,2019-07-07T15:05:19.148,22495,1175,CI.WHF
waveforms/CI_WMF.20190707T150517.22496.sac,2019-07-07T15:05:17.158,22496,1175,CI.WMF
waveforms/CI_WOR.20190707T150517.22497.sac,2019-07-07T15:05:17.568,22497,1175,CI.WOR
waveforms/CI_WRC2.20190707T150512.22498.sac,2019-07-07T15:05:12.958,22498,1175,CI.WRC2
waveforms/NN_QSM.20190707T150516.22499.sac,2019-07-07T15:05:16.238,22499,1175,NN.QSM
waveforms/CI_CCA.20190707T173318.22763.sac,2019-07-07T17:33:18.338,22763,1187,CI.CCA
waveforms/CI_CCC.20190707T173312.22764.sac,2019-07-07T17:33:12.978,22764,1187,CI.CCC
waveforms/CI_CGO.20190707T173317.22765.sac,2019-07-07T17:33:17.738,22765,1187,CI.CGO
waveforms/CI_CLC.20190707T173306.22766.sac,2019-07-07T17:33:06.518,22766,1187,CI.CLC
waveforms/CI_CWC.20190707T173317.22767.sac,2019-07-07T17:33:17.368,22767,1187,CI.CWC
waveforms/CI_DAW.20190707T173312.22768.sac,2019-07-07T17:33:12.363,22768,1187,CI.DAW
waveforms/CI_DTP.20190707T173315.22769.sac,2019-07-07T17:33:15.518,22769,1187,CI.DTP
waveforms/CI_EDW2.20190707T173322.22770.sac,2019-07-07T17:33:22.678,22770,1187,CI.EDW2
waveforms/CI_GSC.20190707T173321.22771.sac,2019-07-07T17:33:21.248,22771,1187,CI.GSC
waveforms/CI_JRC2.20190707T173307.22772.sac,2019-07-07T17:33:07.868,22772,1187,CI.JRC2
waveforms/CI_LMR2.20190707T173321.22773.sac,2019-07-07T17:33:21.348,22773,1187,CI.LMR2
waveforms/CI_MPM.20190707T173309.22774.sac,2019-07-07T17:33:09.648,22774,1187,CI.MPM
waveforms/CI_SLA.20190707T173310.22775.sac,2019-07-07T17:33:10.958,22775,1187,CI.SLA
waveforms/CI_SPG2.20190707T173321.22776.sac,2019-07-07T17:33:21.548,22776,1187,CI.SPG2
waveforms/CI_SRT.20190707T173308.22777.sac,2019-07-07T17:33:08.288,22777,1187,CI.SRT
waveforms/CI_TEH.20190707T173319.22778.sac,2019-07-07T17:33:19.408,22778,1187,CI.TEH
waveforms/CI_TOW2.20190707T173306.22779.sac,2019-07-07T17:33:06.788,22779,1187,CI.TOW2
waveforms/CI_WAS2.20190707T173317.22780.sac,2019-07-07T17:33:17.848,22780,1187,CI.WAS2
waveforms/CI_WBM.20190707T173310.22781.sac,2019-07-07T17:33:10.393,22781,1187,CI.WBM
waveforms/CI_WBS.20190707T173313.22782.sac,2019-07-07T17:33:13.558,22782,1187,CI.WBS
waveforms/CI_WCS2.20190707T173308.22783.sac,2019-07-07T17:33:08.188,22783,1187,CI.WCS2
waveforms/CI_WHF.20190707T173314.22784.sac,2019-07-07T17:33:14.948,22784,1187,CI.WHF
waveforms/CI_WMF.20190707T173310.22785.sac,2019-07-07T17:33:10.268,22785,1187,CI.WMF
waveforms/CI_WOR.20190707T173313.22786.sac,2019-07-07T17:33:13.358,22786,1187,CI.WOR
waveforms/CI_WRC2.20190707T173306.22787.sac,2019-07-07T17:33:06.808,22787,1187,CI.WRC2
waveforms/NN_QSM.20190707T173317.22788.sac,2019-07-07T17:33:17.928,22788,1187,NN.QSM
waveforms/CI_CCA.20190707T192823.23065.sac,2019-07-07T19:28:23.738,23065,1199,CI.CCA
waveforms/CI_CCC.20190707T192817.23066.sac,2019-07-07T19:28:17.758,23066,1199,CI.CCC
waveforms/CI_CGO.20190707T192823.23067.sac,2019-07-07T19:28:23.838,23067,1199,CI.CGO
waveforms/CI_CLC.20190707T192811.23068.sac,2019-07-07T19:28:11.418,23068,1199,CI.CLC
waveforms/CI_CWC.20190707T192823.23069.sac,2019-07-07T19:28:23.168,23069,1199,CI.CWC
waveforms/CI_DAW.20190707T192818.23070.sac,2019-07-07T19:28:18.123,23070,1199,CI.DAW
waveforms/CI_DTP.20190707T192820.23071.sac,2019-07-07T19:28:20.818,23071,1199,CI.DTP
waveforms/CI_JRC2.20190707T192813.23072.sac,2019-07-07T19:28:13.918,23072,1199,CI.JRC2
waveforms/CI_MPM.20190707T192815.23073.sac,2019-07-07T19:28:15.068,23073,1199,CI.MPM
waveforms/CI_SLA.20190707T192816.23074.sac,2019-07-07T19:28:16.038,23074,1199,CI.SLA
waveforms/CI_SRT.20190707T192813.23075.sac,2019-07-07T19:28:13.438,23075,1199,CI.SRT
waveforms/CI_TEH.20190707T192825.23076.sac,2019-07-07T19:28:25.058,23076,1199,CI.TEH
waveforms/CI_TOW2.20190707T192812.23077.sac,2019-07-07T19:28:12.408,23077,1199,CI.TOW2
waveforms/CI_WBM.20190707T192815.23078.sac,2019-07-07T19:28:15.753,23078,1199,CI.WBM
waveforms/CI_WBS.20190707T192819.23079.sac,2019-07-07T19:28:19.178,23079,1199,CI.WBS
waveforms/CI_WCS2.20190707T192814.23080.sac,2019-07-07T19:28:14.148,23080,1199,CI.WCS2
waveforms/CI_WHF.20190707T192818.23081.sac,2019-07-07T19:28:18.948,23081,1199,CI.WHF
waveforms/CI_WMF.20190707T192816.23082.sac,2019-07-07T19:28:16.208,23082,1199,CI.WMF
waveforms/CI_WRC2.20190707T192812.23083.sac,2019-07-07T19:28:12.478,23083,1199,CI.WRC2
waveforms/NN_QSM.20190707T192822.23084.sac,2019-07-07T19:28:22.538,23084,1199,NN.QSM
waveforms/CI_CCC.20190707T214132.23353.sac,2019-07-07T21:41:32.928,23353,1211,CI.CCC
waveforms/CI_CLC.20190707T214126.23354.sac,2019-07-07T21:41:26.878,23354,1211,CI.CLC
waveforms/CI_CWC.20190707T214137.23355.sac,2019-07-07T21:41:37.638,23355,1211,CI.CWC
waveforms/CI_DAW.20190707T214132.23356.sac,2019-07-07T21:41:32.593,23356,1211,CI.DAW
waveforms/CI_DTP.20190707T214136.23357.sac,2019-07-07T21:41:36.008,23357,1211,CI.DTP
waveforms/CI_MPM.20190707T214129.23358.sac,2019-07-07T21:41:29.788,23358,1211,CI.MPM
waveforms/CI_SLA.20190707T214130.23359.sac,2019-07-07T21:41:30.988,23359,1211,CI.SLA
waveforms/CI_SRT.20190707T214128.23360.sac,2019-07-07T21:41:28.678,23360,1211,CI.SRT
waveforms/CI_TOW2.20190707T214127.23361.sac,2019-07-07T21:41:27.358,23361,1211,CI.TOW2
waveforms/CI_WBM.20190707T214130.23362.sac,2019-07-07T21:41:30.723,23362,1211,CI.WBM
waveforms/CI_WBS.20190707T214133.23363.sac,2019-07-07T21:41:33.918,23363,1211,CI.WBS
waveforms/CI_WHF.20190707T214135.23364.sac,2019-07-07T21:41:35.318,23364,1211,CI.WHF
waveforms/CI_WOR.20190707T214133.23365.sac,2019-07-07T21:41:33.658,23365,1211,CI.WOR
waveforms/CI_WRC2.20190707T214127.23366.sac,2019-07-07T21:41:27.228,23366,1211,CI.WRC2
waveforms/NN_QSM.20190707T214137.23367.sac,2019-07-07T21:41:37.738,23367,1211,NN.QSM
waveforms/CI_CCA.20190707T234509.23624.sac,2019-07-07T23:45:09.788,23624,1223,CI.CCA
waveforms/CI_CCC.20190707T234459.23625.sac,2019-07-07T23:44:59.828,23625,1223,CI.CCC
waveforms/CI_CLC.20190707T234503.23626.sac,2019-07-07T23:45:03.488,23626,1223,CI.CLC
waveforms/CI_DAW.20190707T234510.23627.sac,2019-07-07T23:45:10.793,23627,1223,CI.DAW
waveforms/CI_DTP.20190707T234506.23628.sac,2019-07-07T23:45:06.358,23628,1223,CI.DTP
waveforms/CI_EDW2.20190707T234512.23629.sac,2019-07-07T23:45:12.928,23629,1223,CI.EDW2
waveforms/CI_GSC.20190707T234507.23630.sac,2019-07-07T23:45:07.708,23630,1223,CI.GSC
waveforms/CI_HAR.20190707T234507.23631.sac,2019-07-07T23:45:07.678,23631,1223,CI.HAR
waveforms/CI_HYS.20190707T234510.23632.sac,2019-07-07T23:45:10.508,23632,1223,CI.HYS
waveforms/CI_JRC2.20190707T234507.23633.sac,2019-07-07T23:45:07.878,23633,1223,CI.JRC2
waveforms/CI_LMR2.20190707T234509.23634.sac,2019-07-07T23:45:09.968,23634,1223,CI.LMR2
waveforms/CI_MPM.20190707T234506.23635.sac,2019-07-07T23:45:06.958,23635,1223,CI.MPM
waveforms/CI_SLA.20190707T234504.23636.sac,2019-07-07T23:45:04.248,23636,1223,CI.SLA
waveforms/CI_SRT.20190707T234504.23637.sac,2019-07-07T23:45:04.168,23637,1223,CI.SRT
waveforms/CI_TEH.20190707T234513.23638.sac,2019-07-07T23:45:13.428,23638,1223,CI.TEH
waveforms/CI_TOW2.20190707T234505.23639.sac,2019-07-07T23:45:05.528,23639,1223,CI.TOW2
waveforms/CI_WBM.20190707T234505.23640.sac,2019-07-07T23:45:05.883,23640,1223,CI.WBM
waveforms/CI_WBS.20190707T234508.23641.sac,2019-07-07T23:45:08.968,23641,1223,CI.WBS
waveforms/CI_WCS2.20190707T234507.23642.sac,2019-07-07T23:45:07.928,23642,1223,CI.WCS2
waveforms/CI_WHF.20190707T234512.23643.sac,2019-07-07T23:45:12.128,23643,1223,CI.WHF
waveforms/CI_WMF.20190707T234510.23644.sac,2019-07-07T23:45:10.148,23644,1223,CI.WMF
waveforms/CI_WOR.20190707T234510.23645.sac,2019-07-07T23:45:10.578,23645,1223,CI.WOR
waveforms/CI_WRC2.20190707T234505.23646.sac,2019-07-07T23:45:05.958,23646,1223,CI.WRC2
waveforms/NN_GWY.20190707T234513.23647.sac,2019-07-07T23:45:13.528,23647,1223,NN.GWY
waveforms/NN_QSM.20190707T234508.23648.sac,2019-07-07T23:45:08.678,23648,1223,NN.QSM
waveforms/CI_CCA.20190708T034547.23912.sac,2019-07-08T03:45:47.708,23912,1237,CI.CCA
waveforms/CI_CCC.20190708T034542.23913.sac,2019-07-08T03:45:42.488,23913,1237,CI.CCC
waveforms/CI_CGO.20190708T034546.23914.sac,2019-07-08T03:45:46.698,23914,1237,CI.CGO
waveforms/CI_CLC.20190708T034535.23915.sac,2019-07-08T03:45:35.878,23915,1237,CI.CLC
waveforms/CI_CWC.20190708T034546.23916.sac,2019-07-08T03:45:46.258,23916,1237,CI.CWC
waveforms/CI_DAW.20190708T034541.23917.sac,2019-07-08T03:45:41.313,23917,1237,CI.DAW
waveforms/CI_DTP.20190708T034544.23918.sac,2019-07-08T03:45:44.918,23918,1237,CI.DTP
waveforms/CI_EDW2.20190708T034552.23919.sac,2019-07-08T03:45:52.008,23919,1237,CI.EDW2
waveforms/CI_GSC.20190708T034550.23920.sac,2019-07-08T03:45:50.578,23920,1237,CI.GSC
waveforms/CI_HAR.20190708T034550.23921.sac,2019-07-08T03:45:50.498,23921,1237,CI.HAR
waveforms/CI_JRC2.20190708T034536.23922.sac,2019-07-08T03:45:36.808,23922,1237,CI.JRC2
waveforms/CI_LMR2.20190708T034550.23923.sac,2019-07-08T03:45:50.798,23923,1237,CI.LMR2
waveforms/CI_MPM.20190708T034538.23924.sac,2019-07-08T03:45:38.708,23924,1237,CI.MPM
waveforms/CI_SLA.20190708T034540.23925.sac,2019-07-08T03:45:40.228,23925,1237,CI.SLA
waveforms/CI_SPG2.20190708T034550.23926.sac,2019-07-08T03:45:50.488,23926,1237,CI.SPG2
waveforms/CI_SRT.20190708T034537.23927.sac,2019-07-08T03:45:37.688,23927,1237,CI.SRT
waveforms/CI_TEH.20190708T034548.23928.sac,2019-07-08T03:45:48.648,23928,1237,CI.TEH
waveforms/CI_TOW2.20190708T034536.23929.sac,2019-07-08T03:45:36.028,23929,1237,CI.TOW2
waveforms/CI_WAS2.20190708T034546.23930.sac,2019-07-08T03:45:46.938,23930,1237,CI.WAS2
waveforms/CI_WBM.20190708T034539.23931.sac,2019-07-08T03:45:39.733,23931,1237,CI.WBM
waveforms/CI_WBS.20190708T034542.23932.sac,2019-07-08T03:45:42.808,23932,1237,CI.WBS
waveforms/CI_WCS2.20190708T034537.23933.sac,2019-07-08T03:45:37.048,23933,1237,CI.WCS2
waveforms/CI_WHF.20190708T034544.23934.sac,2019-07-08T03:45:44.078,23934,1237,CI.WHF
waveforms/CI_WMF.20190708T034539.23935.sac,2019-07-08T03:45:39.108,23935,1237,CI.WMF
waveforms/CI_WOR.20190708T034542.23936.sac,2019-07-08T03:45:42.478,23936,1237,CI.WOR
waveforms/CI_WRC2.20190708T034535.23937.sac,2019-07-08T03:45:35.818,23937,1237,CI.WRC2
waveforms/NN_QSM.20190708T034547.23938.sac,2019-07-08T03:45:47.088,23938,1237,NN.QSM
waveforms/CI_CCA.20190708T050224.24181.sac,2019-07-08T05:02:24.438,24181,1248,CI.CCA
waveforms/CI_CCC.20190708T050219.24182.sac,2019-07-08T05:02:19.408,24182,1248,CI.CCC
waveforms/CI_CGO.20190708T050222.24183.sac,2019-07-08T05:02:22.968,24183,1248,CI.CGO
waveforms/CI_CLC.20190708T050213.24184.sac,2019-07-08T05:02:13.008,24184,1248,CI.CLC
waveforms/CI_CWC.20190708T050222.24185.sac,2019-07-08T05:02:22.678,24185,1248,CI.CWC
waveforms/CI_DAW.20190708T050218.24186.sac,2019-07-08T05:02:18.043,24186,1248,CI.DAW
waveforms/CI_DTP.20190708T050221.24187.sac,2019-07-08T05:02:21.718,24187,1248,CI.DTP
waveforms/CI_EDW2.20190708T050228.24188.sac,2019-07-08T05:02:28.748,24188,1248,CI.EDW2
waveforms/CI_FUR.20190708T050226.24189.sac,2019-07-08T05:02:26.218,24189,1248,CI.FUR
waveforms/CI_GSC.20190708T050227.24190.sac,2019-07-08T05:02:27.618,24190,1248,CI.GSC
waveforms/CI_JRC2.20190708T050213.24191.sac,2019-07-08T05:02:13.408,24191,1248,CI.JRC2
waveforms/CI_LDR.20190708T050228.24192.sac,2019-07-08T05:02:28.878,24192,1248,CI.LDR
waveforms/CI_LMR2.20190708T050227.24193.sac,2019-07-08T05:02:27.648,24193,1248,CI.LMR2
waveforms/CI_MPM.20190708T050215.24194.sac,2019-07-08T05:02:15.628,24194,1248,CI.MPM
waveforms/CI_SLA.20190708T050216.24195.sac,2019-07-08T05:02:16.278,24195,1248,CI.SLA
waveforms/CI_SPG2.20190708T050226.24196.sac,2019-07-08T05:02:26.948,24196,1248,CI.SPG2
waveforms/CI_SRT.20190708T050214.24197.sac,2019-07-08T05:02:14.558,24197,1248,CI.SRT
waveforms/CI_TEH.20190708T050225.24198.sac,2019-07-08T05:02:25.248,24198,1248,CI.TEH
waveforms/CI_TOW2.20190708T050212.24199.sac,2019-07-08T05:02:12.848,24199,1248,CI.TOW2
waveforms/CI_WAS2.20190708T050223.24200.sac,2019-07-08T05:02:23.438,24200,1248,CI.WAS2
waveforms/CI_WBM.20190708T050216.24201.sac,2019-07-08T05:02:16.403,24201,1248,CI.WBM
waveforms/CI_WBS.20190708T050219.24202.sac,2019-07-08T05:02:19.448,24202,1248,CI.WBS
waveforms/CI_WCS2.20190708T050213.24203.sac,2019-07-08T05:02:13.688,24203,1248,CI.WCS2
waveforms/CI_WHF.20190708T050220.24204.sac,2019-07-08T05:02:20.608,24204,1248,CI.WHF
waveforms/CI_WMF.20190708T050215.24205.sac,2019-07-08T05:02:15.668,24205,1248,CI.WMF
waveforms/CI_WOR.20190708T050219.24206.sac,2019-07-08T05:02:19.038,24206,1248,CI.WOR
waveforms/CI_WRC2.20190708T050212.24207.sac,2019-07-08T05:02:12.768,24207,1248,CI.WRC2
waveforms/NN_GWY.20190708T050224.24208.sac,2019-07-08T05:02:24.508,24208,1248,NN.GWY
waveforms/NN_QSM.20190708T050220.24209.sac,2019-07-08T05:02:20.568,24209,1248,NN.QSM
waveforms/CI_CCA.20190708T073217.24471.sac,2019-07-08T07:32:17.198,24471,1260,CI.CCA
waveforms/CI_CCC.20190708T073213.24472.sac,2019-07-08T07:32:13.018,24472,1260,CI.CCC
waveforms/CI_CGO.20190708T073205.24473.sac,2019-07-08T07:32:05.918,24473,1260,CI.CGO
waveforms/CI_CLC.20190708T073206.24474.sac,2019-07-08T07:32:06.158,24474,1260,CI.CLC
waveforms/CI_CWC.20190708T073204.24475.sac,2019-07-08T07:32:04.708,24475,1260,CI.CWC
waveforms/CI_DAW.20190708T073203.24476.sac,2019-07-08T07:32:03.443,24476,1260,CI.DAW
waveforms/CI_DTP.20190708T073214.24477.sac,2019-07-08T07:32:14.958,24477,1260,CI.DTP
waveforms/CI_FUR.20190708T073215.24478.sac,2019-07-08T07:32:15.238,24478,1260,CI.FUR
waveforms/CI_JRC2.20190708T073202.24479.sac,2019-07-08T07:32:02.078,24479,1260,CI.JRC2
waveforms/CI_MPM.20190708T073204.24480.sac,2019-07-08T07:32:04.708,24480,1260,CI.MPM
waveforms/CI_SLA.20190708T073208.24481.sac,2019-07-08T07:32:08.898,24481,1260,CI.SLA
waveforms/CI_SPG2.20190708T073211.24482.sac,2019-07-08T07:32:11.908,24482,1260,CI.SPG2
waveforms/CI_SRT.20190708T073208.24483.sac,2019-07-08T07:32:08.008,24483,1260,CI.SRT
waveforms/CI_TEH.20190708T073216.24484.sac,2019-07-08T07:32:16.418,24484,1260,CI.TEH
waveforms/CI_TOW2.20190708T073205.24485.sac,2019-07-08T07:32:05.808,24485,1260,CI.TOW2
waveforms/CI_WAS2.20190708T073211.24486.sac,2019-07-08T07:32:11.468,24486,1260,CI.WAS2
waveforms/CI_WBM.20190708T073208.24487.sac,2019-07-08T07:32:08.903,24487,1260,CI.WBM
waveforms/CI_WBS.20190708T073210.24488.sac,2019-07-08T07:32:10.798,24488,1260,CI.WBS
waveforms/CI_WCS2.20190708T073201.24489.sac,2019-07-08T07:32:01.678,24489,1260,CI.WCS2
waveforms/CI_WHF.20190708T073209.24490.sac,2019-07-08T07:32:09.708,24490,1260,CI.WHF
waveforms/CI_WMF.20190708T073159.24491.sac,2019-07-08T07:31:59.628,24491,1260,CI.WMF
waveforms/CI_WOR.20190708T073208.24492.sac,2019-07-08T07:32:08.628,24492,1260,CI.WOR
waveforms/CI_WRC2.20190708T073203.24493.sac,2019-07-08T07:32:03.838,24493,1260,CI.WRC2
waveforms/NN_QSM.20190708T073214.24494.sac,2019-07-08T07:32:14.118,24494,1260,NN.QSM
waveforms/CI_CCA.20190708T104427.24751.sac,2019-07-08T10:44:27.178,24751,1272,CI.CCA
waveforms/CI_CCC.20190708T104422.24752.sac,2019-07-08T10:44:22.208,24752,1272,CI.CCC
waveforms/CI_CGO.20190708T104424.24753.sac,2019-07-08T10:44:24.848,24753,1272,CI.CGO
waveforms/CI_CLC.20190708T104415.24754.sac,2019-07-08T10:44:15.568,24754,1272,CI.CLC
waveforms/CI_CWC.20190708T104424.24755.sac,2019-07-08T10:44:24.438,24755,1272,CI.CWC
waveforms/CI_DAW.20190708T104419.24756.sac,2019-07-08T10:44:19.863,24756,1272,CI.DAW
waveforms/CI_DTP.20190708T104424.24757.sac,2019-07-08T10:44:24.478,24757,1272,CI.DTP
waveforms/CI_JRC2.20190708T104415.24758.sac,2019-07-08T10:44:15.118,24758,1272,CI.JRC2
waveforms/CI_MPM.20190708T104417.24759.sac,2019-07-08T10:44:17.638,24759,1272,CI.MPM
waveforms/CI_SLA.20190708T104419.24760.sac,2019-07-08T10:44:19.718,24760,1272,CI.SLA
waveforms/CI_SPG2.20190708T104428.24761.sac,2019-07-08T10:44:28.968,24761,1272,CI.SPG2
waveforms/CI_SRT.20190708T104417.24762.sac,2019-07-08T10:44:17.288,24762,1272,CI.SRT
waveforms/CI_TEH.20190708T104427.24763.sac,2019-07-08T10:44:27.828,24763,1272,CI.TEH
waveforms/CI_TOW2.20190708T104415.24764.sac,2019-07-08T10:44:15.358,24764,1272,CI.TOW2
waveforms/CI_WAS2.20190708T104425.24765.sac,2019-07-08T10:44:25.738,24765,1272,CI.WAS2
waveforms/CI_WBM.20190708T104419.24766.sac,2019-07-08T10:44:19.073,24766,1272,CI.WBM
waveforms/CI_WBS.20190708T104422.24767.sac,2019-07-08T10:44:22.048,24767,1272,CI.WBS
waveforms/CI_WCS2.20190708T104415.24768.sac,2019-07-08T10:44:15.398,24768,1272,CI.WCS2
waveforms/CI_WHF.20190708T104422.24769.sac,2019-07-08T10:44:22.988,24769,1272,CI.WHF
waveforms/CI_WMF.20190708T104417.24770.sac,2019-07-08T10:44:17.348,24770,1272,CI.WMF
waveforms/CI_WOR.20190708T104421.24771.sac,2019-07-08T10:44:21.398,24771,1272,CI.WOR
waveforms/CI_WRC2.20190708T104414.24772.sac,2019-07-08T10:44:14.748,24772,1272,CI.WRC2
waveforms/NN_QSM.20190708T104426.24773.sac,2019-07-08T10:44:26.058,24773,1272,NN.QSM
waveforms/CI_CCC.20190708T132916.25048.sac,2019-07-08T13:29:16.588,25048,1284,CI.CCC
waveforms/CI_CGO.20190708T132918.25049.sac,2019-07-08T13:29:18.478,25049,1284,CI.CGO
waveforms/CI_CLC.20190708T132912.25050.sac,2019-07-08T13:29:12.368,25050,1284,CI.CLC
waveforms/CI_DAW.20190708T132912.25051.sac,2019-07-08T13:29:12.543,25051,1284,CI.DAW
waveforms/CI_DTP.20190708T132922.25052.sac,2019-07-08T13:29:22.518,25052,1284,CI.DTP
waveforms/CI_FUR.20190708T132918.25053.sac,2019-07-08T13:29:18.158,25053,1284,CI.FUR
waveforms/CI_JRC2.20190708T132913.25054.sac,2019-07-08T13:29:13.968,25054,1284,CI.JRC2
waveforms/CI_MPM.20190708T132909.25055.sac,2019-07-08T13:29:09.248,25055,1284,CI.MPM
waveforms/CI_SLA.20190708T132910.25056.sac,2019-07-08T13:29:10.078,25056,1284,CI.SLA
waveforms/CI_SRT.20190708T132915.25057.sac,2019-07-08T13:29:15.958,25057,1284,CI.SRT
waveforms/CI_TOW2.20190708T132915.25058.sac,2019-07-08T13:29:15.038,25058,1284,CI.TOW2
waveforms/CI_WBM.20190708T132918.25059.sac,2019-07-08T13:29:18.483,25059,1284,CI.WBM
waveforms/CI_WBS.20190708T132921.25060.sac,2019-07-08T13:29:21.838,25060,1284,CI.WBS
waveforms/CI_WCS2.20190708T132913.25061.sac,2019-07-08T13:29:13.228,25061,1284,CI.WCS2
waveforms/CI_WMF.20190708T132914.25062.sac,2019-07-08T13:29:14.688,25062,1284,CI.WMF
waveforms/CI_WOR.20190708T132921.25063.sac,2019-07-08T13:29:21.608,25063,1284,CI.WOR
waveforms/CI_WRC2.20190708T132911.25064.sac,2019-07-08T13:29:11.818,25064,1284,CI.WRC2
waveforms/NN_GWY.20190708T132917.25065.sac,2019-07-08T13:29:17.798,25065,1284,NN.GWY
waveforms/NN_QSM.20190708T132914.25066.sac,2019-07-08T13:29:14.368,25066,1284,NN.QSM
waveforms/CI_CCC.20190708T162302.25347.sac,2019-07-08T16:23:02.478,25347,1297,CI.CCC
waveforms/CI_CLC.20190708T162255.25348.sac,2019-07-08T16:22:55.758,25348,1297,CI.CLC
waveforms/CI_CWC.20190708T162305.25349.sac,2019-07-08T16:23:05.218,25349,1297,CI.CWC
waveforms/CI_DAW.20190708T162300.25350.sac,2019-07-08T16:23:00.553,25350,1297,CI.DAW
waveforms/CI_JRC2.20190708T162255.25351.sac,2019-07-08T16:22:55.668,25351,1297,CI.JRC2
waveforms/CI_MPM.20190708T162258.25352.sac,2019-07-08T16:22:58.168,25352,1297,CI.MPM
waveforms/CI_SLA.20190708T162300.25353.sac,2019-07-08T16:23:00.038,25353,1297,CI.SLA
waveforms/CI_SRT.20190708T162257.25354.sac,2019-07-08T16:22:57.488,25354,1297,CI.SRT
waveforms/CI_TOW2.20190708T162255.25355.sac,2019-07-08T16:22:55.508,25355,1297,CI.TOW2
waveforms/CI_WBM.20190708T162259.25356.sac,2019-07-08T16:22:59.383,25356,1297,CI.WBM
waveforms/CI_WBS.20190708T162302.25357.sac,2019-07-08T16:23:02.458,25357,1297,CI.WBS
waveforms/CI_WCS2.20190708T162256.25358.sac,2019-07-08T16:22:56.038,25358,1297,CI.WCS2
waveforms/CI_WHF.20190708T162303.25359.sac,2019-07-08T16:23:03.458,25359,1297,CI.WHF
waveforms/CI_WMF.20190708T162258.25360.sac,2019-07-08T16:22:58.088,25360,1297,CI.WMF
waveforms/CI_WOR.20190708T162301.25361.sac,2019-07-08T16:23:01.458,25361,1297,CI.WOR
waveforms/CI_WRC2.20190708T162255.25362.sac,2019-07-08T16:22:55.108,25362,1297,CI.WRC2
waveforms/CI_CCA.20190708T180407.25630.sac,2019-07-08T18:04:07.718,25630,1309,CI.CCA
waveforms/CI_CCC.20190708T180400.25631.sac,2019-07-08T18:04:00.428,25631,1309,CI.CCC
waveforms/CI_CGO.20190708T180410.25632.sac,2019-07-08T18:04:10.128,25632,1309,CI.CGO
waveforms/CI_CLC.20190708T180356.25633.sac,2019-07-08T18:03:56.448,25633,1309,CI.CLC
waveforms/CI_CWC.20190708T180410.25634.sac,2019-07-08T18:04:10.208,25634,1309,CI.CWC
waveforms/CI_DAW.20190708T180404.25635.sac,2019-07-08T18:04:04.473,25635,1309,CI.DAW
waveforms/CI_DTP.20190708T180404.25636.sac,2019-07-08T18:04:04.398,25636,1309,CI.DTP
waveforms/CI_EDW2.20190708T180411.25637.sac,2019-07-08T18:04:11.738,25637,1309,CI.EDW2
waveforms/CI_GSC.20190708T180408.25638.sac,2019-07-08T18:04:08.918,25638,1309,CI.GSC
waveforms/CI_HAR.20190708T180408.25639.sac,2019-07-08T18:04:08.728,25639,1309,CI.HAR
waveforms/CI_HYS.20190708T180410.25640.sac,2019-07-08T18:04:10.758,25640,1309,CI.HYS
waveforms/CI_JRC2.20190708T180400.25641.sac,2019-07-08T18:04:00.878,25641,1309,CI.JRC2
waveforms/CI_LDR.20190708T180412.25642.sac,2019-07-08T18:04:12.818,25642,1309,CI.LDR
waveforms/CI_LMR2.20190708T180409.25643.sac,2019-07-08T18:04:09.628,25643,1309,CI.LMR2
waveforms/CI_MPM.20190708T180400.25644.sac,2019-07-08T18:04:00.918,25644,1309,CI.MPM
waveforms/CI_SLA.20190708T180400.25645.sac,2019-07-08T18:04:00.148,25645,1309,CI.SLA
waveforms/CI_SRT.20190708T180358.25646.sac,2019-07-08T18:03:58.248,25646,1309,CI.SRT
waveforms/CI_TEH.20190708T180409.25647.sac,2019-07-08T18:04:09.828,25647,1309,CI.TEH
waveforms/CI_TOW2.20190708T180358.25648.sac,2019-07-08T18:03:58.638,25648,1309,CI.TOW2
waveforms/CI_WAS2.20190708T180409.25649.sac,2019-07-08T18:04:09.828,25649,1309,CI.WAS2
waveforms/CI_WBM.20190708T180400.25650.sac,2019-07-08T18:04:00.863,25650,1309,CI.WBM
waveforms/CI_WBS.20190708T180404.25651.sac,2019-07-08T18:04:04.348,25651,1309,CI.WBS
waveforms/CI_WCS2.20190708T180401.25652.sac,2019-07-08T18:04:01.168,25652,1309,CI.WCS2
waveforms/CI_WHF.20190708T180406.25653.sac,2019-07-08T18:04:06.678,25653,1309,CI.WHF
waveforms/CI_WMF.20190708T180403.25654.sac,2019-07-08T18:04:03.248,25654,1309,CI.WMF
waveforms/CI_WOR.20190708T180405.25655.sac,2019-07-08T18:04:05.008,25655,1309,CI.WOR
waveforms/CI_WRC2.20190708T180359.25656.sac,2019-07-08T18:03:59.068,25656,1309,CI.WRC2
waveforms/NN_GWY.20190708T180410.25657.sac,2019-07-08T18:04:10.718,25657,1309,NN.GWY
waveforms/NN_QSM.20190708T180406.25658.sac,2019-07-08T18:04:06.168,25658,1309,NN.QSM
waveforms/CI_CCA.20190708T221907.25890.sac,2019-07-08T22:19:07.028,25890,1320,CI.CCA
waveforms/CI_CCC.20190708T221857.25891.sac,2019-07-08T22:18:57.308,25891,1320,CI.CCC
waveforms/CI_CGO.20190708T221902.25892.sac,2019-07-08T22:19:02.848,25892,1320,CI.CGO
waveforms/CI_CLC.20190708T221854.25893.sac,2019-07-08T22:18:54.248,25893,1320,CI.CLC
waveforms/CI_DAW.20190708T221856.25894.sac,2019-07-08T22:18:56.883,25894,1320,CI.DAW
waveforms/CI_DTP.20190708T221903.25895.sac,2019-07-08T22:19:03.638,25895,1320,CI.DTP
waveforms/CI_FUR.20190708T221901.25896.sac,2019-07-08T22:19:01.818,25896,1320,CI.FUR
waveforms/CI_GSC.20190708T221903.25897.sac,2019-07-08T22:19:03.188,25897,1320,CI.GSC
waveforms/CI_JRC2.20190708T221857.25898.sac,2019-07-08T22:18:57.088,25898,1320,CI.JRC2
waveforms/CI_MPM.20190708T221853.25899.sac,2019-07-08T22:18:53.168,25899,1320,CI.MPM
waveforms/CI_SLA.20190708T221851.25900.sac,2019-07-08T22:18:51.028,25900,1320,CI.SLA
waveforms/CI_SRT.20190708T221857.25901.sac,2019-07-08T22:18:57.718,25901,1320,CI.SRT
waveforms/CI_TEH.20190708T221909.25902.sac,2019-07-08T22:19:09.098,25902,1320,CI.TEH
waveforms/CI_TOW2.20190708T221857.25903.sac,2019-07-08T22:18:57.088,25903,1320,CI.TOW2
waveforms/CI_WBM.20190708T221900.25904.sac,2019-07-08T22:19:00.233,25904,1320,CI.WBM
waveforms/CI_WBS.20190708T221903.25905.sac,2019-07-08T22:19:03.648,25905,1320,CI.WBS
waveforms/CI_WCS2.20190708T221856.25906.sac,2019-07-08T22:18:56.528,25906,1320,CI.WCS2
waveforms/CI_WHF.20190708T221905.25907.sac,2019-07-08T22:19:05.438,25907,1320,CI.WHF
waveforms/CI_WMF.20190708T221858.25908.sac,2019-07-08T22:18:58.358,25908,1320,CI.WMF
waveforms/CI_WOR.20190708T221903.25909.sac,2019-07-08T22:19:03.878,25909,1320,CI.WOR
waveforms/CI_WRC2.20190708T221854.25910.sac,2019-07-08T22:18:54.728,25910,1320,CI.WRC2
waveforms/NN_GWY.20190708T221900.25911.sac,2019-07-08T22:19:00.228,25911,1320,NN.GWY
waveforms/NN_QSM.20190708T221856.25912.sac,2019-07-08T22:18:56.048,25912,1320,NN.QSM
waveforms/CI_CCA.20190709T043224.26196.sac,2019-07-09T04:32:24.168,26196,1334,CI.CCA
waveforms/CI_CCC.20190709T043216.26197.sac,2019-07-09T04:32:16.558,26197,1334,CI.CCC
waveforms/CI_CGO.20190709T043227.26198.sac,2019-07-09T04:32:27.278,26198,1334,CI.CGO
waveforms/CI_CLC.20190709T043213.26199.sac,2019-07-09T04:32:13.678,26199,1334,CI.CLC
waveforms/CI_CWC.20190709T043227.26200.sac,2019-07-09T04:32:27.618,26200,1334,CI.CWC
waveforms/CI_DAW.20190709T043221.26201.sac,2019-07-09T04:32:21.633,26201,1334,CI.DAW
waveforms/CI_DTP.20190709T043220.26202.sac,2019-07-09T04:32:20.788,26202,1334,CI.DTP
waveforms/CI_EDW2.20190709T043227.26203.sac,2019-07-09T04:32:27.988,26203,1334,CI.EDW2
waveforms/CI_GSC.20190709T043225.26204.sac,2019-07-09T04:32:25.168,26204,1334,CI.GSC
waveforms/CI_HAR.20190709T043224.26205.sac,2019-07-09T04:32:24.898,26205,1334,CI.HAR
waveforms/CI_HYS.20190709T043226.26206.sac,2019-07-09T04:32:26.958,26206,1334,CI.HYS
waveforms/CI_JRC2.20190709T043218.26207.sac,2019-07-09T04:32:18.068,26207,1334,CI.JRC2
waveforms/CI_LDR.20190709T043229.26208.sac,2019-07-09T04:32:29.368,26208,1334,CI.LDR
waveforms/CI_LMR2.20190709T043225.26209.sac,2019-07-09T04:32:25.958,26209,1334,CI.LMR2
waveforms/CI_MPM.20190709T043218.26210.sac,2019-07-09T04:32:18.008,26210,1334,CI.MPM
waveforms/CI_SLA.20190709T043216.26211.sac,2019-07-09T04:32:16.928,26211,1334,CI.SLA
waveforms/CI_SPG2.20190709T043231.26212.sac,2019-07-09T04:32:31.508,26212,1334,CI.SPG2
waveforms/CI_SRT.20190709T043215.26213.sac,2019-07-09T04:32:15.048,26213,1334,CI.SRT
waveforms/CI_TEH.20190709T043226.26214.sac,2019-07-09T04:32:26.398,26214,1334,CI.TEH
waveforms/CI_TOW2.20190709T043215.26215.sac,2019-07-09T04:32:15.728,26215,1334,CI.TOW2
waveforms/CI_WAS2.20190709T043226.26216.sac,2019-07-09T04:32:26.728,26216,1334,CI.WAS2
waveforms/CI_WBM.20190709T043217.26217.sac,2019-07-09T04:32:17.543,26217,1334,CI.WBM
waveforms/CI_WBS.20190709T043221.26218.sac,2019-07-09T04:32:21.008,26218,1334,CI.WBS
waveforms/CI_WCS2.20190709T043218.26219.sac,2019-07-09T04:32:18.248,26219,1334,CI.WCS2
waveforms/CI_WHF.20190709T043223.26220.sac,2019-07-09T04:32:23.528,26220,1334,CI.WHF
waveforms/CI_WMF.20190709T043220.26221.sac,2019-07-09T04:32:20.488,26221,1334,CI.WMF
waveforms/CI_WOR.20190709T043221.26222.sac,2019-07-09T04:32:21.848,26222,1334,CI.WOR
waveforms/CI_WRC2.20190709T043216.26223.sac,2019-07-09T04:32:16.348,26223,1334,CI.WRC2
waveforms/NN_GWY.20190709T043227.26224.sac,2019-07-09T04:32:27.318,26224,1334,NN.GWY
waveforms/NN_QSM.20190709T043222.26225.sac,2019-07-09T04:32:22.758,26225,1334,NN.QSM
waveforms/CI_CCA.20190709T075419.26502.sac,2019-07-09T07:54:19.248,26502,1346,CI.CCA
waveforms/CI_CCC.20190709T075412.26503.sac,2019-07-09T07:54:12.128,26503,1346,CI.CCC
waveforms/CI_CGO.20190709T075422.26504.sac,2019-07-09T07:54:22.138,26504,1346,CI.CGO
waveforms/CI_CLC.20190709T075408.26505.sac,2019-07-09T07:54:08.088,26505,1346,CI.CLC
waveforms/CI_CWC.20190709T075421.26506.sac,2019-07-09T07:54:21.858,26506,1346,CI.CWC
waveforms/CI_DAW.20190709T075416.26507.sac,2019-07-09T07:54:16.233,26507,1346,CI.DAW
waveforms/CI_DTP.20190709T075416.26508.sac,2019-07-09T07:54:16.008,26508,1346,CI.DTP
waveforms/CI_EDW2.20190709T075423.26509.sac,2019-07-09T07:54:23.358,26509,1346,CI.EDW2
waveforms/CI_FUR.20190709T075424.26510.sac,2019-07-09T07:54:24.078,26510,1346,CI.FUR
waveforms/CI_GSC.20190709T075420.26511.sac,2019-07-09T07:54:20.678,26511,1346,CI.GSC
waveforms/CI_HAR.20190709T075420.26512.sac,2019-07-09T07:54:20.438,26512,1346,CI.HAR
waveforms/CI_HYS.20190709T075422.26513.sac,2019-07-09T07:54:22.408,26513,1346,CI.HYS
waveforms/CI_JRC2.20190709T075412.26514.sac,2019-07-09T07:54:12.488,26514,1346,CI.JRC2
waveforms/CI_LDR.20190709T075424.26515.sac,2019-07-09T07:54:24.418,26515,1346,CI.LDR
waveforms/CI_LMR2.20190709T075421.26516.sac,2019-07-09T07:54:21.238,26516,1346,CI.LMR2
waveforms/CI_MPM.20190709T075412.26517.sac,2019-07-09T07:54:12.638,26517,1346,CI.MPM
waveforms/CI_SLA.20190709T075411.26518.sac,2019-07-09T07:54:11.938,26518,1346,CI.SLA
waveforms/CI_SPG2.20190709T075426.26519.sac,2019-07-09T07:54:26.038,26519,1346,CI.SPG2
waveforms/CI_SRT.20190709T075409.26520.sac,2019-07-09T07:54:09.778,26520,1346,CI.SRT
waveforms/CI_TEH.20190709T075421.26521.sac,2019-07-09T07:54:21.408,26521,1346,CI.TEH
waveforms/CI_TOW2.20190709T075410.26522.sac,2019-07-09T07:54:10.238,26522,1346,CI.TOW2
waveforms/CI_WAS2.20190709T075421.26523.sac,2019-07-09T07:54:21.408,26523,1346,CI.WAS2
waveforms/CI_WBM.20190709T075412.26524.sac,2019-07-09T07:54:12.433,26524,1346,CI.WBM
waveforms/CI_WBS.20190709T075415.26525.sac,2019-07-09T07:54:15.928,26525,1346,CI.WBS
waveforms/CI_WCS2.20190709T075412.26526.sac,2019-07-09T07:54:12.868,26526,1346,CI.WCS2
waveforms/CI_WHF.20190709T075418.26527.sac,2019-07-09T07:54:18.268,26527,1346,CI.WHF
waveforms/CI_WMF.20190709T075414.26528.sac,2019-07-09T07:54:14.928,26528,1346,CI.WMF
waveforms/CI_WOR.20190709T075416.26529.sac,2019-07-09T07:54:16.608,26529,1346,CI.WOR
waveforms/CI_WRC2.20190709T075410.26530.sac,2019-07-09T07:54:10.768,26530,1346,CI.WRC2
waveforms/NN_GWY.20190709T075422.26531.sac,2019-07-09T07:54:22.428,26531,1346,NN.GWY
waveforms/NN_QSM.20190709T075417.26532.sac,2019-07-09T07:54:17.908,26532,1346,NN.QSM
waveforms/CI_CCA.20190709T102208.26793.sac,2019-07-09T10:22:08.258,26793,1358,CI.CCA
waveforms/CI_CCC.20190709T102202.26794.sac,2019-07-09T10:22:02.508,26794,1358,CI.CCC
waveforms/CI_CGO.20190709T102204.26795.sac,2019-07-09T10:22:04.088,26795,1358,CI.CGO
waveforms/CI_CLC.20190709T102155.26796.sac,2019-07-09T10:21:55.428,26796,1358,CI.CLC
waveforms/CI_CWC.20190709T102203.26797.sac,2019-07-09T10:22:03.728,26797,1358,CI.CWC
waveforms/CI_DAW.20190709T102158.26798.sac,2019-07-09T10:21:58.683,26798,1358,CI.DAW
waveforms/CI_DTP.20190709T102205.26799.sac,2019-07-09T10:22:05.478,26799,1358,CI.DTP
waveforms/CI_EDW2.20190709T102212.26800.sac,2019-07-09T10:22:12.558,26800,1358,CI.EDW2
waveforms/CI_FUR.20190709T102208.26801.sac,2019-07-09T10:22:08.598,26801,1358,CI.FUR
waveforms/CI_GSC.20190709T102210.26802.sac,2019-07-09T10:22:10.478,26802,1358,CI.GSC
waveforms/CI_HYS.20190709T102212.26803.sac,2019-07-09T10:22:12.608,26803,1358,CI.HYS
waveforms/CI_JRC2.20190709T102154.26804.sac,2019-07-09T10:21:54.798,26804,1358,CI.JRC2
waveforms/CI_LMR2.20190709T102211.26805.sac,2019-07-09T10:22:11.248,26805,1358,CI.LMR2
waveforms/CI_MPM.20190709T102156.26806.sac,2019-07-09T10:21:56.168,26806,1358,CI.MPM
waveforms/CI_SLA.20190709T102158.26807.sac,2019-07-09T10:21:58.928,26807,1358,CI.SLA
waveforms/CI_SPG2.20190709T102209.26808.sac,2019-07-09T10:22:09.318,26808,1358,CI.SPG2
waveforms/CI_SRT.20190709T102158.26809.sac,2019-07-09T10:21:58.088,26809,1358,CI.SRT
waveforms/CI_TEH.20190709T102209.26810.sac,2019-07-09T10:22:09.018,26810,1358,CI.TEH
waveforms/CI_TOW2.20190709T102156.26811.sac,2019-07-09T10:21:56.068,26811,1358,CI.TOW2
waveforms/CI_WAS2.20190709T102206.26812.sac,2019-07-09T10:22:06.628,26812,1358,CI.WAS2
waveforms/CI_WBM.20190709T102200.26813.sac,2019-07-09T10:22:00.083,26813,1358,CI.WBM
waveforms/CI_WBS.20190709T102203.26814.sac,2019-07-09T10:22:03.128,26814,1358,CI.WBS
waveforms/CI_WCS2.20190709T102154.26815.sac,2019-07-09T10:21:54.508,26815,1358,CI.WCS2
waveforms/CI_WHF.20190709T102203.26816.sac,2019-07-09T10:22:03.908,26816,1358,CI.WHF
waveforms/CI_WMF.20190709T102156.26817.sac,2019-07-09T10:21:56.758,26817,1358,CI.WMF
waveforms/CI_WOR.20190709T102202.26818.sac,2019-07-09T10:22:02.388,26818,1358,CI.WOR
waveforms/CI_WRC2.20190709T102153.26819.sac,2019-07-09T10:21:53.118,26819,1358,CI.WRC2
waveforms/NN_GWY.20190709T102208.26820.sac,2019-07-09T10:22:08.718,26820,1358,NN.GWY
waveforms/NN_QSM.20190709T102204.26821.sac,2019-07-09T10:22:04.928,26821,1358,NN.QSM
waveforms/CI_CCC.20190709T152330.27084.sac,2019-07-09T15:23:30.798,27084,1371,CI.CCC
waveforms/CI_CGO.20190709T152332.27085.sac,2019-07-09T15:23:32.618,27085,1371,CI.CGO
waveforms/CI_CLC.20190709T152324.27086.sac,2019-07-09T15:23:24.008,27086,1371,CI.CLC
waveforms/CI_CWC.20190709T152332.27087.sac,2019-07-09T15:23:32.618,27087,1371,CI.CWC
waveforms/CI_DAW.20190709T152327.27088.sac,2019-07-09T15:23:27.123,27088,1371,CI.DAW
waveforms/CI_DTP.20190709T152333.27089.sac,2019-07-09T15:23:33.928,27089,1371,CI.DTP
waveforms/CI_JRC2.20190709T152323.27090.sac,2019-07-09T15:23:23.288,27090,1371,CI.JRC2
waveforms/CI_MPM.20190709T152324.27091.sac,2019-07-09T15:23:24.888,27091,1371,CI.MPM
waveforms/CI_SLA.20190709T152327.27092.sac,2019-07-09T15:23:27.528,27092,1371,CI.SLA
waveforms/CI_SPG2.20190709T152337.27093.sac,2019-07-09T15:23:37.708,27093,1371,CI.SPG2
waveforms/CI_SRT.20190709T152326.27094.sac,2019-07-09T15:23:26.528,27094,1371,CI.SRT
waveforms/CI_TEH.20190709T152337.27095.sac,2019-07-09T15:23:37.348,27095,1371,CI.TEH
waveforms/CI_TOW2.20190709T152324.27096.sac,2019-07-09T15:23:24.558,27096,1371,CI.TOW2
waveforms/CI_WAS2.20190709T152334.27097.sac,2019-07-09T15:23:34.968,27097,1371,CI.WAS2
waveforms/CI_WBM.20190709T152328.27098.sac,2019-07-09T15:23:28.523,27098,1371,CI.WBM
waveforms/CI_WBS.20190709T152331.27099.sac,2019-07-09T15:23:31.488,27099,1371,CI.WBS
waveforms/CI_WCS2.20190709T152323.27100.sac,2019-07-09T15:23:23.058,27100,1371,CI.WCS2
waveforms/CI_WHF.20190709T152332.27101.sac,2019-07-09T15:23:32.268,27101,1371,CI.WHF
waveforms/CI_WMF.20190709T152325.27102.sac,2019-07-09T15:23:25.238,27102,1371,CI.WMF
waveforms/CI_WOR.20190709T152330.27103.sac,2019-07-09T15:23:30.728,27103,1371,CI.WOR
waveforms/CI_WRC2.20190709T152322.27104.sac,2019-07-09T15:23:22.128,27104,1371,CI.WRC2
waveforms/NN_QSM.20190709T152333.27105.sac,2019-07-09T15:23:33.638,27105,1371,NN.QSM
waveforms/CI_CCA.20190709T205931.27383.sac,2019-07-09T20:59:31.398,27383,1383,CI.CCA
waveforms/CI_CCC.20190709T205923.27384.sac,2019-07-09T20:59:23.828,27384,1383,CI.CCC
waveforms/CI_CGO.20190709T205936.27385.sac,2019-07-09T20:59:36.298,27385,1383,CI.CGO
waveforms/CI_CLC.20190709T205922.27386.sac,2019-07-09T20:59:22.598,27386,1383,CI.CLC
waveforms/CI_CWC.20190709T205936.27387.sac,2019-07-09T20:59:36.198,27387,1383,CI.CWC
waveforms/CI_DAW.20190709T205930.27388.sac,2019-07-09T20:59:30.603,27388,1383,CI.DAW
waveforms/CI_DTP.20190709T205928.27389.sac,2019-07-09T20:59:28.028,27389,1383,CI.DTP
waveforms/CI_EDW2.20190709T205935.27390.sac,2019-07-09T20:59:35.238,27390,1383,CI.EDW2
waveforms/CI_GSC.20190709T205932.27391.sac,2019-07-09T20:59:32.658,27391,1383,CI.GSC
waveforms/CI_HAR.20190709T205932.27392.sac,2019-07-09T20:59:32.038,27392,1383,CI.HAR
waveforms/CI_HYS.20190709T205934.27393.sac,2019-07-09T20:59:34.078,27393,1383,CI.HYS
waveforms/CI_JRC2.20190709T205926.27394.sac,2019-07-09T20:59:26.748,27394,1383,CI.JRC2
waveforms/CI_LDR.20190709T205936.27395.sac,2019-07-09T20:59:36.738,27395,1383,CI.LDR
waveforms/CI_LMR2.20190709T205933.27396.sac,2019-07-09T20:59:33.008,27396,1383,CI.LMR2
waveforms/CI_MPM.20190709T205926.27397.sac,2019-07-09T20:59:26.908,27397,1383,CI.MPM
waveforms/CI_SLA.20190709T205925.27398.sac,2019-07-09T20:59:25.428,27398,1383,CI.SLA
waveforms/CI_SRT.20190709T205923.27399.sac,2019-07-09T20:59:23.168,27399,1383,CI.SRT
waveforms/CI_TEH.20190709T205934.27400.sac,2019-07-09T20:59:34.048,27400,1383,CI.TEH
waveforms/CI_TOW2.20190709T205923.27401.sac,2019-07-09T20:59:23.748,27401,1383,CI.TOW2
waveforms/CI_WAS2.20190709T205934.27402.sac,2019-07-09T20:59:34.798,27402,1383,CI.WAS2
waveforms/CI_WBM.20190709T205925.27403.sac,2019-07-09T20:59:25.313,27403,1383,CI.WBM
waveforms/CI_WBS.20190709T205928.27404.sac,2019-07-09T20:59:28.808,27404,1383,CI.WBS
waveforms/CI_WCS2.20190709T205927.27405.sac,2019-07-09T20:59:27.108,27405,1383,CI.WCS2
waveforms/CI_WHF.20190709T205931.27406.sac,2019-07-09T20:59:31.588,27406,1383,CI.WHF
waveforms/CI_WMF.20190709T205929.27407.sac,2019-07-09T20:59:29.258,27407,1383,CI.WMF
waveforms/CI_WOR.20190709T205930.27408.sac,2019-07-09T20:59:30.048,27408,1383,CI.WOR
waveforms/CI_WRC2.20190709T205925.27409.sac,2019-07-09T20:59:25.218,27409,1383,CI.WRC2
waveforms/NN_GWY.20190709T205935.27410.sac,2019-07-09T20:59:35.808,27410,1383,NN.GWY
waveforms/NN_QSM.20190709T205931.27411.sac,2019-07-09T20:59:31.198,27411,1383,NN.QSM
